grid_id,prospectivity_score
H001,5.5
H002,4.8
H003,6.6
H004,8.1
H005,5.7
H006,5.9
H007,5.1
H008,5.4
H009,
H010,5.3
H011,4.1
H012,5.9
H013,5.3
H014,5.5
H015,
H016,
H017,4.8
H018,4.1
H019,4.5
H020,5.7
H021,5.6
H022,3.7
H023,5.3
H024,5.0
H025,4.5
H026,
H027,
H028,4.2
H029,3.2
H030,5.0
H031,5.0
H032,
H033,4.7
H034,4.7
H035,
H036,
H037,
H038,4.8
H039,6.2
H040,6.0
H041,6.0
H042,5.9
H043,5.7
H044,7.7
H045,5.6
H046,4.6
H047,3.9
H048,4.7
H049,5.4
H050,
H051,3.4
H052,4.0
H053,6.0
H054,5.7
H055,2.5
H056,3.5
H057,4.9
H058,
H059,6.8
H060,
H061,6.0
H062,
H063,6.0
H064,
H065,
H066,
H067,
H068,4.3
H069,5.1
H070,4.4
H071,6.1
H072,5.5
H073,4.1
H074,5.7
H075,4.0
H076,
H077,4.0
H078,
H079,
H080,6.3
H081,
H082,6.5
H083,6.6
H084,
H085,3.7
H086,
H087,5.0
H088,7.1
H089,4.2
H090,6.2
H091,5.8
H092,3.9
H093,
H094,4.2
H095,6.3
H096,
H097,4.8
H098,
H099,4.7
H100,4.6
H101,6.2
H102,
H103,5.3
H104,4.8
H105,3.2
H106,7.1
H107,
H108,4.4
H109,4.8
H110,3.8
H111,5.6
H112,
H113,
H114,3.8
H115,7.3
H116,6.2
H117,5.3
H118,
H119,
H120,6.7
H121,5.3
H122,4.1
H123,5.8
H124,6.2
H125,4.8
H126,6.5
H127,5.5
H128,4.2
H129,
H130,
H131,5.4
H132,3.7
H133,5.7
H134,5.0
H135,4.4
H136,5.2
H137,6.2
H138,3.6
H139,6.6
H140,
H141,4.8
H142,4.4
H143,7.3
H144,7.0
H145,4.9
H146,4.0
H147,6.0
H148,3.5
H149,3.9
H150,4.4
H151,5.3
H152,
H153,5.8
H154,5.6
H155,5.8
H156,4.9
H157,4.5
H158,3.8
H159,7.4
H160,4.8
H161,5.0
H162,8.2
H163,4.7
H164,4.6
H165,
H166,4.2
H167,
H168,6.1
H169,6.4
H170,
H171,5.1
H172,3.8
H173,
H174,4.8
H175,3.9
H176,6.3
H177,3.7
H178,6.5
H179,
H180,4.9
H181,3.6
H182,3.9
H183,4.3
H184,5.7
H185,
H186,4.2
H187,4.7
H188,4.6
H189,4.7
H190,
H191,4.7
H192,
H193,4.6
H194,5.8
H195,5.2
H196,5.2
H197,
H198,
H199,5.4
H200,5.8
H201,4.2
H202,
H203,6.7
H204,4.8
H205,4.5
H206,4.3
H207,6.4
H208,5.0
H209,7.2
H210,
H211,4.7
H212,3.6
H213,
H214,6.2
H215,4.4
H216,
H217,5.7
H218,5.0
H219,4.3
H220,3.7
H221,4.3
H222,4.4
H223,3.6
H224,
H225,
H226,5.6
H227,6.0
H228,6.9
H229,
H230,3.6
H231,
H232,
H233,
H234,7.5
H235,5.7
H236,6.6
H237,
H238,
H239,6.7
H240,5.3
H241,5.6
H242,
H243,
H244,
H245,
H246,4.4
H247,7.4
H248,
H249,4.7
H250,
H251,4.6
H252,4.1
H253,4.1
H254,3.8
H255,5.1
H256,5.1
H257,5.9
H258,4.9
H259,5.0
H260,4.2
H261,
H262,5.5
H263,3.9
H264,5.2
H265,2.7
H266,4.2
H267,4.1
H268,5.2
H269,5.5
H270,4.1
H271,
H272,7.1
H273,5.8
H274,6.4
H275,3.7
H276,7.8
H277,4.1
H278,6.6
H279,5.1
H280,6.8
H281,7.2
H282,
H283,5.3
H284,4.9
H285,
H286,4.1
H287,5.5
H288,
H289,4.3
H290,
H291,6.9
H292,3.3
H293,5.9
H294,3.9
H295,5.9
H296,4.3
H297,6.7
H298,
H299,4.0
H300,4.3
H301,6.8
H302,3.6
H303,5.3
H304,5.8
H305,
H306,5.3
H307,
H308,5.5
H309,5.9
H310,3.5
H311,3.2
H312,5.1
H313,5.1
H314,5.6
H315,7.3
H316,6.8
H317,5.6
H318,3.4
H319,4.7
H320,4.5
H321,
H322,5.1
H323,5.6
H324,
H325,
H326,5.0
H327,3.7
H328,5.6
H329,
H330,
H331,
H332,
H333,7.4
H334,7.1
H335,3.6
H336,7.2
H337,4.4
H338,4.3
H339,
H340,3.3
H341,4.2
H342,4.3
H343,5.4
H344,3.7
H345,
H346,
H347,4.8
H348,5.1
H349,2.7
H350,6.9
H351,
H352,
H353,3.1
H354,5.1
H355,5.2
H356,7.7
H357,6.7
H358,
H359,
H360,3.6
H361,
H362,6.4
H363,7.1
H364,6.0
H365,5.6
H366,3.7
H367,
H368,5.3
H369,4.0
H370,5.4
H371,
H372,3.9
H373,8.4
H374,
H375,5.6
H376,6.2
H377,3.7
H378,
H379,4.7
H380,5.2
H381,
H382,5.8
H383,2.6
H384,5.6
H385,4.6
H386,5.4
H387,4.5
H388,5.7
H389,5.7
H390,5.3
H391,4.0
H392,6.9
H393,5.8
H394,5.7
H395,4.6
H396,5.4
H397,4.1
H398,
H399,5.4
H400,
H401,3.5
H402,
H403,5.6
H404,5.8
H405,
H406,4.5
H407,5.0
H408,4.6
H409,7.4
H410,6.0
H411,
H412,4.8
H413,
H414,6.3
H415,6.3
H416,4.7
H417,4.5
H418,6.3
H419,5.4
H420,4.4
H421,
H422,5.6
H423,4.8
H424,5.0
H425,4.4
H426,2.4
H427,5.6
H428,6.5
H429,4.4
H430,4.9
H431,6.8
H432,
H433,3.8
H434,5.4
H435,4.2
H436,4.2
H437,
H438,
H439,5.4
H440,3.8
H441,
H442,4.2
H443,
H444,3.0
H445,5.3
H446,
H447,5.1
H448,4.3
H449,5.1
H450,5.0
H451,4.5
H452,
H453,6.4
H454,4.6
H455,4.9
H456,4.5
H457,4.4
H458,6.3
H459,5.6
H460,4.6
H461,5.4
H462,4.2
H463,6.3
H464,4.6
H465,6.2
H466,6.2
H467,3.9
H468,6.1
H469,5.0
H470,4.1
H471,6.2
H472,4.2
H473,5.0
H474,4.0
H475,
H476,4.7
H477,
H478,3.8
H479,
H480,4.9
H481,5.8
H482,3.7
H483,5.8
H484,5.1
H485,
H486,5.4
H487,
H488,4.9
H489,6.5
H490,6.0
H491,
H492,4.2
H493,7.3
H494,6.2
H495,
H496,3.8
H497,
H498,4.2
H499,4.2
H500,5.8
H501,
H502,
H503,4.4
H504,
H505,5.9
H506,7.9
H507,6.3
H508,3.3
H509,5.2
H510,7.4
H511,4.8
H512,5.3
H513,7.7
H514,5.8
H515,5.3
H516,6.4
H517,5.1
H518,
H519,
H520,5.2
H521,
H522,4.4
H523,
H524,
H525,5.0
H526,
H527,4.1
H528,4.3
H529,6.0
H530,4.3
H531,
H532,5.9
H533,5.4
H534,5.9
H535,6.1
H536,4.4
H537,
H538,
H539,5.1
H540,3.4
H541,
H542,
H543,4.7
H544,7.4
H545,3.9
H546,
H547,6.4
H548,5.7
H549,
H550,5.7
H551,
H552,4.7
H553,7.2
H554,
H555,3.6
H556,4.7
H557,5.3
H558,
H559,5.6
H560,5.4
H561,4.2
H562,3.4
H563,5.4
H564,
H565,4.3
H566,4.6
H567,4.8
H568,2.8
H569,4.4
H570,4.7
H571,6.5
H572,4.6
H573,5.0
H574,4.5
H575,3.9
H576,5.4
H577,
H578,5.2
H579,5.6
H580,
H581,3.7
H582,3.4
H583,6.1
H584,
H585,4.7
H586,6.3
H587,5.9
H588,4.8
H589,5.3
H590,7.4
H591,4.6
H592,6.6
H593,3.4
H594,6.1
H595,6.8
H596,6.3
H597,4.7
H598,
H599,6.9
H600,5.4
H601,6.7
H602,4.8
H603,3.5
H604,5.6
H605,
H606,3.8
H607,6.3
H608,5.9
H609,5.0
H610,
H611,5.1
H612,5.8
H613,5.0
H614,4.2
H615,5.8
H616,4.7
H617,4.7
H618,6.3
H619,6.1
H620,
H621,
H622,4.8
H623,
H624,6.5
H625,4.0
H626,2.6
H627,6.1
H628,4.5
H629,2.8
H630,5.5
H631,
H632,
H633,3.1
H634,4.1
H635,5.6
H636,7.5
H637,4.6
H638,4.6
H639,6.0
H640,6.9
H641,6.1
H642,4.2
H643,7.2
H644,5.4
H645,4.2
H646,5.5
H647,5.3
H648,7.1
H649,
H650,4.2
H651,
H652,
H653,
H654,3.9
H655,
H656,4.7
H657,3.3
H658,
H659,5.2
H660,5.2
H661,2.9
H662,4.3
H663,4.0
H664,5.8
H665,4.5
H666,3.6
H667,3.8
H668,6.1
H669,4.7
H670,3.9
H671,
H672,4.8
H673,5.7
H674,4.3
H675,6.6
H676,3.7
H677,5.6
H678,4.8
H679,3.5
H680,
H681,5.3
H682,
H683,5.8
H684,7.8
H685,6.0
H686,
H687,5.0
H688,
H689,5.4
H690,4.3
H691,5.8
H692,6.5
H693,4.8
H694,
H695,5.3
H696,4.9
H697,
H698,
H699,4.4
H700,4.5
H701,
H702,7.4
H703,4.6
H704,
H705,
H706,5.4
H707,6.0
H708,4.2
H709,4.9
H710,4.7
H711,
H712,6.0
H713,5.2
H714,
H715,4.6
H716,5.0
H717,4.7
H718,
H719,5.9
H720,5.5
H721,4.7
H722,3.6
H723,
H724,
H725,4.2
H726,4.8
H727,4.4
H728,
H729,3.2
H730,
H731,
H732,5.4
H733,5.7
H734,6.0
H735,4.0
H736,
H737,3.8
H738,
H739,5.5
H740,5.7
H741,3.6
H742,5.7
H743,3.7
H744,
H745,4.6
H746,3.6
H747,5.7
H748,6.1
H749,6.6
H750,4.9
H751,
H752,6.3
H753,7.1
H754,4.4
H755,6.4
H756,7.4
H757,5.7
H758,
H759,4.1
H760,
H761,
H762,5.8
H763,4.6
H764,5.3
H765,5.4
H766,6.2
H767,4.8
H768,5.3
H769,5.5
H770,6.0
H771,4.3
H772,
H773,
H774,4.1
H775,5.6
H776,
H777,
H778,4.3
H779,6.5
H780,4.4
H781,5.7
H782,5.6
H783,5.6
H784,4.2
H785,5.4
H786,5.5
H787,7.5
H788,4.8
H789,3.9
H790,5.5
H791,4.2
H792,
H793,
H794,5.5
H795,6.2
H796,5.3
H797,
H798,
H799,6.5
H800,5.9
H801,6.3
H802,5.7
H803,
H804,4.8
H805,5.4
H806,5.5
H807,
H808,3.9
H809,5.9
H810,3.5
H811,5.2
H812,5.0
H813,4.8
H814,3.9
H815,5.0
H816,6.3
H817,
H818,4.6
H819,6.9
H820,2.2
H821,4.3
H822,4.9
H823,6.6
H824,6.0
H825,4.4
H826,6.7
H827,5.2
H828,3.6
H829,5.3
H830,
H831,3.6
H832,7.0
H833,4.7
H834,4.6
H835,
H836,5.4
H837,4.1
H838,3.9
H839,5.5
H840,4.6
H841,6.3
H842,5.5
H843,5.4
H844,2.8
H845,
H846,
H847,2.4
H848,5.3
H849,5.2
H850,3.1
H851,
H852,5.9
H853,5.3
H854,6.1
H855,5.2
H856,
H857,
H858,5.9
H859,6.8
H860,3.5
H861,7.0
H862,4.2
H863,4.3
H864,6.7
H865,3.2
H866,
H867,
H868,4.5
H869,5.1
H870,3.4
H871,5.0
H872,4.9
H873,3.8
H874,5.8
H875,3.7
H876,5.5
H877,5.3
H878,
H879,5.5
H880,4.5
H881,5.9
H882,6.8
H883,7.7
H884,5.7
H885,4.4
H886,4.4
H887,4.9
H888,7.4
H889,4.8
H890,
H891,2.8
H892,4.3
H893,3.7
H894,6.5
H895,5.8
H896,6.3
H897,4.8
H898,4.7
H899,5.2
H900,4.7
H901,3.4
H902,
H903,5.1
H904,
H905,4.8
H906,2.6
H907,
H908,5.9
H909,4.3
H910,4.1
H911,5.8
H912,
H913,4.4
H914,6.0
H915,
H916,3.6
H917,4.0
H918,
H919,6.2
H920,
H921,4.8
H922,
H923,
H924,4.9
H925,
H926,5.2
H927,5.9
H928,
H929,5.0
H930,4.5
H931,3.9
H932,4.5
H933,4.7
H934,
H935,5.4
H936,
H937,3.0
H938,6.1
H939,3.9
H940,4.1
H941,
H942,3.0
H943,3.4
H944,5.5
H945,4.5
H946,
H947,4.1
H948,4.9
H949,3.1
H950,5.7
H951,4.9
H952,
H953,5.2
H954,5.1
H955,
H956,6.4
H957,
H958,
H959,
H960,4.8
H961,4.1
H962,3.6
H963,
H964,
H965,
H966,2.9
H967,
H968,5.7
H969,5.3
H970,2.7
H971,5.3
H972,4.2
H973,4.6
H974,4.3
H975,5.2
H976,5.1
H977,
H978,3.7
H979,4.6
H980,4.5
H981,6.3
H982,5.3
H983,
H984,4.3
H985,4.6
H986,
H987,3.6
H988,6.6
H989,
H990,7.7
H991,4.9
H992,6.3
H993,7.1
H994,3.6
H995,5.9
H996,
H997,3.6
H998,6.9
H999,5.8
H1000,4.4
H1001,4.6
H1002,4.7
H1003,
H1004,5.4
H1005,4.3
H1006,4.7
H1007,3.8
H1008,4.4
H1009,4.2
H1010,3.1
H1011,7.9
H1012,4.6
H1013,4.3
H1014,5.8
H1015,6.7
H1016,4.5
H1017,
H1018,
H1019,7.6
H1020,5.2
H1021,
H1022,
H1023,6.2
H1024,6.0
H1025,5.2
H1026,4.9
H1027,
H1028,4.9
H1029,5.7
H1030,6.4
H1031,
H1032,5.7
H1033,7.6
H1034,5.2
H1035,7.4
H1036,4.9
H1037,
H1038,5.6
H1039,5.3
H1040,4.2
H1041,4.5
H1042,4.9
H1043,5.3
H1044,6.1
H1045,4.6
H1046,4.8
H1047,6.4
H1048,6.9
H1049,5.0
H1050,6.3
H1051,4.5
H1052,5.2
H1053,3.7
H1054,5.3
H1055,5.3
H1056,
H1057,
H1058,4.5
H1059,
H1060,
H1061,
H1062,
H1063,7.8
H1064,4.2
H1065,6.0
H1066,6.0
H1067,
H1068,
H1069,
H1070,3.7
H1071,6.1
H1072,7.0
H1073,4.1
H1074,4.1
H1075,5.0
H1076,
H1077,
H1078,4.9
H1079,3.8
H1080,
H1081,5.4
H1082,
H1083,3.9
H1084,
H1085,6.7
H1086,4.7
H1087,6.8
H1088,
H1089,5.8
H1090,6.3
H1091,5.9
H1092,3.1
H1093,
H1094,5.3
H1095,5.0
H1096,6.1
H1097,3.9
H1098,4.8
H1099,4.3
H1100,
H1101,4.5
H1102,4.4
H1103,
H1104,4.8
H1105,
H1106,3.9
H1107,
H1108,
H1109,
H1110,4.7
H1111,
H1112,4.7
H1113,5.8
H1114,6.2
H1115,4.8
H1116,4.8
H1117,5.2
H1118,5.4
H1119,
H1120,
H1121,
H1122,5.2
H1123,6.9
H1124,4.4
H1125,4.6
H1126,5.1
H1127,6.2
H1128,
H1129,5.1
H1130,5.0
H1131,
H1132,5.4
H1133,
H1134,4.7
H1135,
H1136,
H1137,
H1138,3.4
H1139,5.9
H1140,3.6
H1141,
H1142,5.0
H1143,6.1
H1144,5.4
H1145,
H1146,
H1147,
H1148,4.8
H1149,7.5
H1150,3.7
H1151,5.0
H1152,3.7
H1153,
H1154,5.5
H1155,5.4
H1156,5.8
H1157,3.9
H1158,6.4
H1159,
H1160,
H1161,
H1162,7.3
H1163,6.2
H1164,
H1165,4.8
H1166,
H1167,6.4
H1168,4.9
H1169,5.2
H1170,5.8
H1171,
H1172,6.2
H1173,4.3
H1174,
H1175,
H1176,5.4
H1177,3.8
H1178,4.3
H1179,4.7
H1180,3.3
H1181,6.2
H1182,3.6
H1183,7.4
H1184,4.1
H1185,
H1186,
H1187,5.1
H1188,5.2
H1189,
H1190,
H1191,4.5
H1192,4.5
H1193,2.6
H1194,
H1195,5.9
H1196,5.7
H1197,7.4
H1198,6.6
H1199,
H1200,5.2
H1201,4.2
H1202,6.4
H1203,
H1204,4.2
H1205,4.2
H1206,5.3
H1207,5.0
H1208,
H1209,4.6
H1210,6.9
H1211,5.4
H1212,3.5
H1213,3.9
H1214,3.8
H1215,
H1216,6.4
H1217,3.9
H1218,
H1219,
H1220,4.5
H1221,3.0
H1222,6.2
H1223,7.8
H1224,
H1225,3.8
H1226,5.1
H1227,2.5
H1228,3.1
H1229,5.1
H1230,
H1231,5.0
H1232,5.0
H1233,
H1234,
H1235,
H1236,
H1237,
H1238,
H1239,
H1240,4.5
H1241,6.1
H1242,5.7
H1243,6.0
H1244,5.3
H1245,
H1246,5.8
H1247,4.4
H1248,
H1249,5.0
H1250,
H1251,
H1252,4.4
H1253,
H1254,3.3
H1255,
H1256,4.7
H1257,4.3
H1258,
H1259,
H1260,4.6
H1261,3.5
H1262,4.7
H1263,
H1264,5.5
H1265,5.2
H1266,5.7
H1267,
H1268,5.6
H1269,
H1270,5.9
H1271,
H1272,6.6
H1273,3.9
H1274,
H1275,
H1276,4.8
H1277,6.8
H1278,7.5
H1279,
H1280,4.6
H1281,
H1282,
H1283,6.1
H1284,3.9
H1285,
H1286,5.8
H1287,3.6
H1288,6.6
H1289,
H1290,4.1
H1291,6.7
H1292,
H1293,6.4
H1294,4.0
H1295,6.2
H1296,3.9
H1297,3.7
H1298,5.3
H1299,4.8
H1300,4.3
H1301,6.2
H1302,
H1303,5.3
H1304,
H1305,6.1
H1306,4.8
H1307,6.4
H1308,6.3
H1309,4.8
H1310,5.0
H1311,5.7
H1312,
H1313,
H1314,5.3
H1315,7.5
H1316,3.4
H1317,
H1318,4.6
H1319,2.1
H1320,4.6
H1321,6.2
H1322,3.8
H1323,
H1324,6.0
H1325,8.0
H1326,
H1327,4.1
H1328,4.4
H1329,6.7
H1330,
H1331,5.6
H1332,
H1333,7.1
H1334,
H1335,4.6
H1336,6.1
H1337,5.4
H1338,6.2
H1339,6.3
H1340,6.8
H1341,
H1342,5.2
H1343,5.6
H1344,6.5
H1345,4.3
H1346,
H1347,5.5
H1348,
H1349,3.9
H1350,4.7
H1351,6.3
H1352,
H1353,
H1354,5.6
H1355,5.5
H1356,4.1
H1357,5.0
H1358,7.1
H1359,
H1360,
H1361,5.9
H1362,2.9
H1363,4.9
H1364,
H1365,5.4
H1366,4.8
H1367,5.0
H1368,3.8
H1369,4.7
H1370,2.6
H1371,4.6
H1372,4.6
H1373,
H1374,4.3
H1375,6.1
H1376,
H1377,4.8
H1378,
H1379,6.7
H1380,4.2
H1381,6.2
H1382,5.6
H1383,4.9
H1384,6.8
H1385,
H1386,
H1387,7.1
H1388,3.3
H1389,4.1
H1390,2.8
H1391,4.6
H1392,
H1393,6.2
H1394,
H1395,
H1396,5.3
H1397,6.7
H1398,4.6
H1399,
H1400,
H1401,4.2
H1402,7.0
H1403,
H1404,
H1405,4.5
H1406,4.4
H1407,5.5
H1408,4.8
H1409,5.4
H1410,
H1411,4.6
H1412,3.9
H1413,
H1414,3.2
H1415,
H1416,4.4
H1417,4.7
H1418,5.1
H1419,
H1420,4.9
H1421,
H1422,5.6
H1423,6.3
H1424,3.6
H1425,5.6
H1426,3.7
H1427,5.2
H1428,5.7
H1429,7.1
H1430,4.2
H1431,4.1
H1432,
H1433,6.8
H1434,4.0
H1435,3.1
H1436,4.4
H1437,5.7
H1438,
H1439,
H1440,
H1441,6.1
H1442,4.7
H1443,6.8
H1444,4.1
H1445,
H1446,4.9
H1447,
H1448,7.7
H1449,4.6
H1450,6.0
H1451,3.4
H1452,5.3
H1453,
H1454,4.9
H1455,
H1456,4.8
H1457,4.0
H1458,3.2
H1459,5.6
H1460,4.2
H1461,
H1462,4.2
H1463,4.6
H1464,6.3
H1465,4.4
H1466,3.0
H1467,5.8
H1468,2.7
H1469,6.0
H1470,6.2
H1471,4.3
H1472,
H1473,4.4
H1474,
H1475,6.5
H1476,4.0
H1477,5.5
H1478,
H1479,
H1480,6.9
H1481,5.7
H1482,3.6
H1483,6.4
H1484,5.5
H1485,6.2
H1486,
H1487,
H1488,5.6
H1489,5.0
H1490,5.0
H1491,7.6
H1492,4.5
H1493,5.2
H1494,6.1
H1495,3.7
H1496,
H1497,4.1
H1498,3.4
H1499,2.7
H1500,6.2
H1501,4.9
H1502,3.7
H1503,4.9
H1504,7.8
H1505,5.1
H1506,
H1507,
H1508,
H1509,5.1
H1510,5.4
H1511,4.2
H1512,
H1513,6.3
H1514,5.1
H1515,5.2
H1516,3.7
H1517,4.6
H1518,5.6
H1519,5.8
H1520,4.8
H1521,
H1522,4.8
H1523,6.9
H1524,5.6
H1525,6.1
H1526,
H1527,
H1528,3.8
H1529,6.4
H1530,5.6
H1531,5.2
H1532,
H1533,3.6
H1534,
H1535,5.5
H1536,4.8
H1537,5.0
H1538,5.7
H1539,5.5
H1540,
H1541,5.2
H1542,4.8
H1543,4.7
H1544,5.8
H1545,5.0
H1546,6.1
H1547,6.4
H1548,6.7
H1549,5.2
H1550,6.0
H1551,5.1
H1552,5.7
H1553,5.1
H1554,5.4
H1555,4.5
H1556,
H1557,
H1558,6.2
H1559,
H1560,
H1561,
H1562,4.1
H1563,5.0
H1564,
H1565,6.0
H1566,5.1
H1567,
H1568,5.6
H1569,4.0
H1570,
H1571,4.7
H1572,5.5
H1573,
H1574,
H1575,5.9
H1576,6.2
H1577,4.0
H1578,4.6
H1579,
H1580,5.0
H1581,2.7
H1582,5.6
H1583,5.5
H1584,
H1585,4.8
H1586,4.2
H1587,
H1588,3.3
H1589,5.5
H1590,
H1591,4.0
H1592,
H1593,3.8
H1594,
H1595,6.0
H1596,3.9
H1597,6.6
H1598,7.5
H1599,5.8
H1600,4.3
H1601,4.0
H1602,3.7
H1603,
H1604,6.3
H1605,
H1606,7.4
H1607,6.6
H1608,3.9
H1609,5.3
H1610,4.1
H1611,4.6
H1612,5.5
H1613,7.2
H1614,
H1615,4.2
H1616,3.3
H1617,4.5
H1618,7.9
H1619,
H1620,
H1621,
H1622,4.8
H1623,4.7
H1624,4.6
H1625,8.1
H1626,3.6
H1627,5.6
H1628,5.3
H1629,5.8
H1630,6.1
H1631,3.3
H1632,5.8
H1633,6.3
H1634,5.7
H1635,5.3
H1636,4.6
H1637,3.3
H1638,5.6
H1639,8.3
H1640,
H1641,5.3
H1642,5.9
H1643,6.4
H1644,5.6
H1645,7.2
H1646,3.8
H1647,4.3
H1648,4.1
H1649,3.9
H1650,3.6
H1651,3.8
H1652,5.3
H1653,5.4
H1654,3.9
H1655,4.6
H1656,3.4
H1657,
H1658,3.8
H1659,5.9
H1660,6.2
H1661,4.2
H1662,6.5
H1663,5.2
H1664,5.0
H1665,6.3
H1666,5.0
H1667,5.2
H1668,5.0
H1669,6.3
H1670,4.1
H1671,4.0
H1672,4.8
H1673,
H1674,4.7
H1675,6.4
H1676,5.7
H1677,4.9
H1678,5.2
H1679,7.3
H1680,4.4
H1681,5.3
H1682,6.0
H1683,5.9
H1684,4.5
H1685,
H1686,8.2
H1687,7.3
H1688,6.0
H1689,3.9
H1690,5.9
H1691,4.8
H1692,6.0
H1693,6.2
H1694,4.1
H1695,5.8
H1696,3.1
H1697,5.3
H1698,
H1699,7.2
H1700,5.5
H1701,
H1702,4.0
H1703,6.7
H1704,5.9
H1705,4.2
H1706,
H1707,6.5
H1708,3.9
H1709,
H1710,
H1711,
H1712,6.3
H1713,
H1714,
H1715,4.4
H1716,5.2
H1717,
H1718,5.6
H1719,5.8
H1720,
H1721,
H1722,
H1723,6.4
H1724,5.4
H1725,5.0
H1726,6.1
H1727,5.9
H1728,5.6
H1729,3.1
H1730,5.0
H1731,
H1732,4.3
H1733,
H1734,5.9
H1735,
H1736,6.9
H1737,
H1738,6.2
H1739,6.1
H1740,
H1741,4.0
H1742,
H1743,5.0
H1744,2.6
H1745,4.2
H1746,5.5
H1747,
H1748,
H1749,4.2
H1750,3.3
H1751,6.6
H1752,5.9
H1753,5.8
H1754,6.6
H1755,2.4
H1756,3.9
H1757,
H1758,3.9
H1759,4.0
H1760,4.1
H1761,
H1762,5.0
H1763,5.2
H1764,6.4
H1765,7.0
H1766,
H1767,
H1768,
H1769,5.2
H1770,4.6
H1771,4.1
H1772,3.7
H1773,6.1
H1774,
H1775,4.5
H1776,4.4
H1777,4.8
H1778,5.0
H1779,6.3
H1780,
H1781,6.0
H1782,6.4
H1783,3.0
H1784,5.4
H1785,5.2
H1786,5.0
H1787,6.6
H1788,4.5
H1789,5.4
H1790,6.2
H1791,4.7
H1792,
H1793,3.2
H1794,5.4
H1795,6.2
H1796,3.8
H1797,5.1
H1798,
H1799,3.1
H1800,
H1801,6.1
H1802,5.6
H1803,3.5
H1804,
H1805,5.8
H1806,
H1807,6.1
H1808,5.5
H1809,5.8
H1810,
H1811,3.9
H1812,6.6
H1813,
H1814,4.2
H1815,
H1816,8.2
H1817,
H1818,4.3
H1819,6.1
H1820,6.4
H1821,
H1822,5.2
H1823,5.5
H1824,7.9
H1825,5.1
H1826,6.0
H1827,4.2
H1828,6.1
H1829,
H1830,6.7
H1831,5.4
H1832,5.5
H1833,
H1834,6.3
H1835,
H1836,3.6
H1837,
H1838,
H1839,
H1840,
H1841,7.1
H1842,5.3
H1843,4.3
H1844,5.7
H1845,6.8
H1846,7.5
H1847,5.8
H1848,5.7
H1849,
H1850,6.2
H1851,
H1852,4.6
H1853,
H1854,4.5
H1855,
H1856,4.5
H1857,4.7
H1858,5.6
H1859,4.4
H1860,6.1
H1861,8.1
H1862,
H1863,
H1864,5.2
H1865,5.4
H1866,4.5
H1867,
H1868,5.2
H1869,4.7
H1870,3.2
H1871,4.2
H1872,3.1
H1873,4.3
H1874,6.9
H1875,4.5
H1876,
H1877,
H1878,4.7
H1879,4.6
H1880,4.2
H1881,6.1
H1882,5.7
H1883,3.7
H1884,5.9
H1885,6.4
H1886,4.0
H1887,3.4
H1888,2.8
H1889,
H1890,6.1
H1891,5.7
H1892,5.4
H1893,3.5
H1894,4.1
H1895,
H1896,6.9
H1897,6.1
H1898,5.9
H1899,
H1900,
H1901,
H1902,4.8
H1903,3.3
H1904,
H1905,
H1906,
H1907,
H1908,6.5
H1909,5.1
H1910,4.6
H1911,5.9
H1912,6.5
H1913,
H1914,5.7
H1915,5.6
H1916,4.9
H1917,4.3
H1918,
H1919,5.5
H1920,4.2
H1921,
H1922,4.9
H1923,
H1924,
H1925,5.9
H1926,3.8
H1927,
H1928,
H1929,5.4
H1930,
H1931,
H1932,5.7
H1933,
H1934,4.3
H1935,6.7
H1936,4.3
H1937,4.3
H1938,7.2
H1939,6.8
H1940,
H1941,3.9
H1942,
H1943,
H1944,4.7
H1945,4.7
H1946,
H1947,
H1948,5.3
H1949,
H1950,6.1
H1951,
H1952,5.1
H1953,5.4
H1954,5.1
H1955,6.7
H1956,5.1
H1957,4.9
H1958,4.4
H1959,
H1960,
H1961,
H1962,
H1963,5.7
H1964,
H1965,3.4
H1966,4.8
H1967,
H1968,6.0
H1969,3.7
H1970,5.0
H1971,5.7
H1972,
H1973,5.4
H1974,5.0
H1975,
H1976,4.0
H1977,
H1978,3.5
H1979,7.3
H1980,5.5
H1981,6.5
H1982,
H1983,5.6
H1984,3.3
H1985,4.5
H1986,4.2
H1987,
H1988,3.6
H1989,5.9
H1990,4.8
H1991,
H1992,
H1993,6.1
H1994,5.3
H1995,6.4
H1996,
H1997,5.3
H1998,4.7
H1999,
H2000,7.1
H2001,3.4
H2002,6.7
H2003,4.3
H2004,4.9
H2005,
H2006,7.2
H2007,
H2008,4.4
H2009,4.2
H2010,5.4
H2011,6.6
H2012,5.8
H2013,5.2
H2014,5.0
H2015,5.0
H2016,4.1
H2017,5.8
H2018,
H2019,4.7
H2020,
H2021,2.7
H2022,
H2023,4.0
H2024,5.5
H2025,7.3
H2026,
H2027,3.6
H2028,5.4
H2029,5.8
H2030,6.4
H2031,
H2032,5.8
H2033,4.8
H2034,4.7
H2035,6.0
H2036,7.2
H2037,
H2038,8.4
H2039,4.6
H2040,4.9
H2041,3.6
H2042,4.3
H2043,6.6
H2044,5.6
H2045,5.2
H2046,3.0
H2047,3.6
H2048,
H2049,
H2050,4.8
H2051,4.6
H2052,4.5
H2053,
H2054,3.9
H2055,6.8
H2056,5.8
H2057,5.1
H2058,
H2059,4.9
H2060,6.7
H2061,5.3
H2062,3.8
H2063,
H2064,5.2
H2065,5.6
H2066,5.5
H2067,
H2068,7.6
H2069,5.8
H2070,2.9
H2071,
H2072,
H2073,3.7
H2074,6.3
H2075,5.4
H2076,3.8
H2077,3.6
H2078,
H2079,4.7
H2080,
H2081,6.3
H2082,
H2083,4.1
H2084,4.6
H2085,3.1
H2086,
H2087,5.4
H2088,5.3
H2089,
H2090,7.2
H2091,
H2092,4.7
H2093,
H2094,
H2095,6.4
H2096,
H2097,2.2
H2098,4.8
H2099,7.6
H2100,
H2101,3.4
H2102,
H2103,
H2104,5.2
H2105,5.8
H2106,
H2107,
H2108,
H2109,
H2110,4.6
H2111,5.7
H2112,4.1
H2113,5.5
H2114,5.0
H2115,4.7
H2116,4.0
H2117,5.6
H2118,4.9
H2119,5.2
H2120,6.0
H2121,4.9
H2122,6.1
H2123,3.5
H2124,
H2125,
H2126,4.3
H2127,5.5
H2128,4.0
H2129,3.5
H2130,4.2
H2131,
H2132,4.0
H2133,5.7
H2134,5.7
H2135,6.0
H2136,
H2137,5.0
H2138,
H2139,
H2140,5.1
H2141,5.0
H2142,5.2
H2143,4.8
H2144,5.7
H2145,4.7
H2146,4.0
H2147,5.9
H2148,6.8
H2149,5.4
H2150,7.0
H2151,7.0
H2152,4.7
H2153,4.6
H2154,4.9
H2155,5.4
H2156,
H2157,
H2158,
H2159,5.2
H2160,5.2
H2161,
H2162,4.5
H2163,5.6
H2164,6.6
H2165,
H2166,
H2167,4.1
H2168,6.5
H2169,
H2170,4.2
H2171,4.9
H2172,5.3
H2173,8.6
H2174,
H2175,
H2176,5.4
H2177,
H2178,4.6
H2179,6.5
H2180,
H2181,5.4
H2182,4.7
H2183,5.8
H2184,6.1
H2185,4.1
H2186,
H2187,5.3
H2188,5.1
H2189,3.5
H2190,5.9
H2191,6.9
H2192,7.6
H2193,6.2
H2194,6.8
H2195,5.8
H2196,3.1
H2197,6.1
H2198,
H2199,4.8
H2200,4.9
H2201,7.1
H2202,
H2203,5.0
H2204,
H2205,4.8
H2206,6.6
H2207,
H2208,6.7
H2209,
H2210,4.8
H2211,
H2212,
H2213,4.7
H2214,5.2
H2215,4.2
H2216,4.8
H2217,
H2218,
H2219,5.0
H2220,5.2
H2221,
H2222,5.4
H2223,6.9
H2224,6.9
H2225,
H2226,5.8
H2227,
H2228,5.4
H2229,3.6
H2230,5.5
H2231,6.0
H2232,3.3
H2233,
H2234,6.6
H2235,6.1
H2236,5.0
H2237,4.0
H2238,
H2239,4.4
H2240,4.3
H2241,
H2242,6.2
H2243,5.0
H2244,5.5
H2245,5.7
H2246,5.4
H2247,5.8
H2248,4.4
H2249,6.7
H2250,
H2251,
H2252,5.3
H2253,5.4
H2254,
H2255,4.4
H2256,5.2
H2257,7.1
H2258,4.9
H2259,5.4
H2260,6.3
H2261,
H2262,5.9
H2263,6.4
H2264,5.5
H2265,
H2266,
H2267,
H2268,
H2269,
H2270,5.7
H2271,5.6
H2272,5.6
H2273,4.6
H2274,3.9
H2275,4.8
H2276,3.3
H2277,5.3
H2278,4.9
H2279,4.7
H2280,7.1
H2281,6.8
H2282,
H2283,5.2
H2284,
H2285,
H2286,5.0
H2287,
H2288,4.4
H2289,5.7
H2290,4.5
H2291,6.4
H2292,4.4
H2293,5.0
H2294,
H2295,4.9
H2296,
H2297,
H2298,
H2299,4.0
H2300,4.5
H2301,
H2302,7.0
H2303,
H2304,7.2
H2305,3.8
H2306,5.5
H2307,
H2308,5.5
H2309,4.4
H2310,5.5
H2311,6.4
H2312,
H2313,5.5
H2314,2.8
H2315,5.6
H2316,4.7
H2317,5.3
H2318,4.7
H2319,5.5
H2320,6.0
H2321,6.1
H2322,3.9
H2323,5.0
H2324,7.0
H2325,4.9
H2326,
H2327,5.5
H2328,5.2
H2329,
H2330,
H2331,5.4
H2332,6.0
H2333,
H2334,5.7
H2335,4.8
H2336,6.9
H2337,5.5
H2338,
H2339,4.9
H2340,5.4
H2341,
H2342,4.8
H2343,5.0
H2344,
H2345,5.2
H2346,4.3
H2347,3.8
H2348,4.3
H2349,6.8
H2350,6.0
H2351,5.6
H2352,5.9
H2353,5.1
H2354,6.0
H2355,4.2
H2356,
H2357,4.7
H2358,
H2359,6.2
H2360,5.9
H2361,5.3
H2362,
H2363,5.9
H2364,
H2365,3.4
H2366,2.7
H2367,7.1
H2368,4.3
H2369,
H2370,4.6
H2371,5.0
H2372,
H2373,4.2
H2374,
H2375,
H2376,5.4
H2377,3.8
H2378,4.6
H2379,4.4
H2380,
H2381,
H2382,4.1
H2383,4.8
H2384,5.0
H2385,3.9
H2386,
H2387,4.2
H2388,2.5
H2389,4.7
H2390,
H2391,3.3
H2392,
H2393,6.4
H2394,
H2395,3.0
H2396,4.1
H2397,
H2398,5.5
H2399,
H2400,4.1
H2401,5.9
H2402,6.2
H2403,5.8
H2404,4.9
H2405,4.1
H2406,6.5
H2407,4.9
H2408,5.3
H2409,5.4
H2410,3.6
H2411,5.7
H2412,5.0
H2413,
H2414,4.9
H2415,4.7
H2416,
H2417,2.8
H2418,6.0
H2419,
H2420,2.3
H2421,3.2
H2422,
H2423,6.5
H2424,
H2425,4.1
H2426,
H2427,4.7
H2428,5.3
H2429,4.6
H2430,4.1
H2431,
H2432,5.4
H2433,5.9
H2434,
H2435,6.0
H2436,4.1
H2437,4.6
H2438,3.8
H2439,4.6
H2440,5.2
H2441,4.2
H2442,
H2443,
H2444,6.1
H2445,4.9
H2446,5.4
H2447,
H2448,5.5
H2449,
H2450,
H2451,6.3
H2452,5.2
H2453,6.2
H2454,
H2455,7.5
H2456,4.6
H2457,5.8
H2458,
H2459,
H2460,
H2461,5.6
H2462,6.4
H2463,
H2464,4.2
H2465,6.7
H2466,
H2467,5.0
H2468,4.1
H2469,3.5
H2470,
H2471,7.6
H2472,5.4
H2473,5.5
H2474,4.3
H2475,5.2
H2476,6.3
H2477,6.3
H2478,6.1
H2479,
H2480,6.0
H2481,
H2482,
H2483,4.8
H2484,
H2485,
H2486,5.8
H2487,3.8
H2488,4.6
H2489,5.8
H2490,4.2
H2491,5.9
H2492,
H2493,7.1
H2494,4.7
H2495,5.9
H2496,4.6
H2497,4.3
H2498,4.2
H2499,6.1
H2500,5.4
H2501,4.3
H2502,5.4
H2503,
H2504,5.2
H2505,5.9
H2506,5.0
H2507,5.6
H2508,4.8
H2509,4.5
H2510,
H2511,3.7
H2512,3.5
H2513,6.6
H2514,
H2515,4.0
H2516,
H2517,7.2
H2518,6.4
H2519,4.9
H2520,
H2521,
H2522,5.2
H2523,
H2524,
H2525,
H2526,5.0
H2527,
H2528,3.1
H2529,5.8
H2530,5.4
H2531,2.9
H2532,3.8
H2533,4.5
H2534,
H2535,
H2536,3.9
H2537,3.7
H2538,6.3
H2539,
H2540,4.6
H2541,6.6
H2542,4.8
H2543,6.2
H2544,2.9
H2545,
H2546,4.6
H2547,6.0
H2548,
H2549,6.5
H2550,3.9
H2551,5.0
H2552,5.0
H2553,5.0
H2554,
H2555,
H2556,6.1
H2557,4.5
H2558,6.9
H2559,6.6
H2560,4.8
H2561,
H2562,4.8
H2563,
H2564,6.4
H2565,
H2566,7.0
H2567,
H2568,6.8
H2569,3.2
H2570,7.4
H2571,6.2
H2572,5.7
H2573,5.1
H2574,
H2575,4.4
H2576,5.7
H2577,6.3
H2578,2.7
H2579,4.4
H2580,5.7
H2581,5.7
H2582,4.5
H2583,4.6
H2584,4.4
H2585,7.7
H2586,4.5
H2587,2.6
H2588,
H2589,
H2590,
H2591,4.2
H2592,7.3
H2593,5.8
H2594,3.9
H2595,7.3
H2596,4.6
H2597,
H2598,6.5
H2599,8.1
H2600,4.1
H2601,3.8
H2602,
H2603,5.7
H2604,
H2605,4.3
H2606,3.5
H2607,5.0
H2608,5.6
H2609,
H2610,6.3
H2611,
H2612,
H2613,5.0
H2614,
H2615,3.8
H2616,4.6
H2617,
H2618,4.6
H2619,4.3
H2620,5.6
H2621,4.9
H2622,3.9
H2623,4.6
H2624,5.4
H2625,3.8
H2626,5.4
H2627,7.4
H2628,4.5
H2629,8.2
H2630,5.1
H2631,4.1
H2632,5.4
H2633,
H2634,5.4
H2635,6.0
H2636,4.5
H2637,7.0
H2638,
H2639,4.5
H2640,5.2
H2641,6.0
H2642,
H2643,4.2
H2644,6.1
H2645,5.5
H2646,3.2
H2647,5.2
H2648,3.1
H2649,
H2650,6.7
H2651,3.9
H2652,4.8
H2653,
H2654,6.0
H2655,5.1
H2656,4.9
H2657,
H2658,
H2659,3.6
H2660,4.5
H2661,3.6
H2662,8.0
H2663,
H2664,
H2665,
H2666,6.3
H2667,5.6
H2668,
H2669,
H2670,5.4
H2671,4.4
H2672,4.4
H2673,5.0
H2674,
H2675,6.4
H2676,4.0
H2677,
H2678,6.1
H2679,4.2
H2680,6.7
H2681,5.8
H2682,5.9
H2683,
H2684,5.0
H2685,5.7
H2686,
H2687,3.4
H2688,3.9
H2689,6.3
H2690,5.6
H2691,5.2
H2692,3.4
H2693,6.5
H2694,3.7
H2695,
H2696,
H2697,7.0
H2698,
H2699,5.7
H2700,
H2701,5.6
H2702,
H2703,3.7
H2704,
H2705,
H2706,
H2707,4.2
H2708,3.6
H2709,3.8
H2710,5.2
H2711,5.1
H2712,4.7
H2713,6.4
H2714,5.0
H2715,
H2716,
H2717,
H2718,2.6
H2719,3.7
H2720,4.9
H2721,5.3
H2722,6.5
H2723,
H2724,5.1
H2725,5.7
H2726,7.0
H2727,
H2728,5.3
H2729,
H2730,
H2731,6.7
H2732,4.2
H2733,
H2734,5.5
H2735,3.9
H2736,5.0
H2737,4.8
H2738,5.9
H2739,8.1
H2740,
H2741,5.2
H2742,6.1
H2743,5.7
H2744,
H2745,
H2746,
H2747,5.4
H2748,3.8
H2749,5.2
H2750,5.2
H2751,6.5
H2752,5.1
H2753,5.1
H2754,4.1
H2755,3.0
H2756,6.4
H2757,5.8
H2758,
H2759,4.4
H2760,5.5
H2761,5.2
H2762,4.0
H2763,4.1
H2764,6.4
H2765,5.6
H2766,5.6
H2767,5.0
H2768,5.3
H2769,5.4
H2770,6.4
H2771,4.4
H2772,4.8
H2773,5.7
H2774,5.7
H2775,
H2776,4.4
H2777,7.1
H2778,
H2779,
H2780,4.3
H2781,
H2782,5.2
H2783,5.0
H2784,5.0
H2785,3.2
H2786,5.2
H2787,5.5
H2788,4.0
H2789,
H2790,5.7
H2791,
H2792,7.4
H2793,5.4
H2794,6.0
H2795,4.4
H2796,4.1
H2797,2.4
H2798,
H2799,3.0
H2800,5.4
H2801,
H2802,4.8
H2803,4.1
H2804,4.5
H2805,6.2
H2806,6.9
H2807,
H2808,6.1
H2809,6.1
H2810,6.7
H2811,4.9
H2812,4.4
H2813,
H2814,6.4
H2815,5.6
H2816,
H2817,4.5
H2818,4.6
H2819,6.8
H2820,
H2821,4.3
H2822,5.1
H2823,4.9
H2824,
H2825,5.8
H2826,
H2827,6.8
H2828,4.3
H2829,4.5
H2830,7.0
H2831,5.8
H2832,7.1
H2833,
H2834,
H2835,
H2836,5.9
H2837,
H2838,
H2839,
H2840,5.7
H2841,5.5
H2842,2.7
H2843,6.9
H2844,5.0
H2845,
H2846,
H2847,4.2
H2848,
H2849,4.9
H2850,2.2
H2851,
H2852,5.8
H2853,6.7
H2854,8.3
H2855,
H2856,5.3
H2857,4.3
H2858,4.7
H2859,4.8
H2860,
H2861,6.8
H2862,8.1
H2863,
H2864,
H2865,
H2866,
H2867,5.1
H2868,4.6
H2869,
H2870,6.4
H2871,5.7
H2872,5.2
H2873,4.9
H2874,6.4
H2875,5.4
H2876,4.2
H2877,6.0
H2878,5.5
H2879,2.6
H2880,
H2881,7.4
H2882,
H2883,5.9
H2884,6.1
H2885,5.5
H2886,7.2
H2887,4.7
H2888,4.2
H2889,4.2
H2890,5.1
H2891,4.4
H2892,5.4
H2893,5.3
H2894,5.5
H2895,4.3
H2896,4.4
H2897,4.9
H2898,5.3
H2899,5.3
H2900,6.7
H2901,5.1
H2902,3.3
H2903,5.1
H2904,3.1
H2905,
H2906,4.7
H2907,6.4
H2908,4.4
H2909,
H2910,
H2911,6.0
H2912,
H2913,3.0
H2914,4.6
H2915,5.6
H2916,5.7
H2917,5.3
H2918,
H2919,3.7
H2920,6.0
H2921,
H2922,
H2923,5.8
H2924,5.6
H2925,
H2926,
H2927,
H2928,5.3
H2929,6.0
H2930,6.6
H2931,7.7
H2932,5.9
H2933,5.6
H2934,6.9
H2935,6.5
H2936,5.7
H2937,5.4
H2938,4.4
H2939,4.4
H2940,4.9
H2941,4.2
H2942,
H2943,4.4
H2944,
H2945,4.9
H2946,
H2947,
H2948,5.7
H2949,4.8
H2950,
H2951,5.0
H2952,5.0
H2953,6.3
H2954,5.0
H2955,5.3
H2956,
H2957,6.9
H2958,5.9
H2959,
H2960,
H2961,5.5
H2962,
H2963,5.4
H2964,5.0
H2965,
H2966,6.1
H2967,
H2968,4.5
H2969,4.9
H2970,5.8
H2971,
H2972,5.6
H2973,5.9
H2974,6.6
H2975,7.2
H2976,6.4
H2977,6.0
H2978,
H2979,6.0
H2980,
H2981,4.4
H2982,4.6
H2983,
H2984,5.7
H2985,5.1
H2986,5.5
H2987,4.9
H2988,2.8
H2989,5.4
H2990,
H2991,
H2992,5.1
H2993,3.6
H2994,4.6
H2995,5.5
H2996,
H2997,3.7
H2998,5.0
H2999,4.6
H3000,
H3001,5.4
H3002,5.5
H3003,2.7
H3004,5.3
H3005,5.1
H3006,4.5
H3007,4.1
H3008,4.4
H3009,6.0
H3010,7.2
H3011,5.0
H3012,4.7
H3013,4.9
H3014,3.6
H3015,
H3016,6.0
H3017,5.8
H3018,
H3019,3.7
H3020,3.7
H3021,
H3022,
H3023,6.2
H3024,4.4
H3025,6.7
H3026,6.8
H3027,5.1
H3028,5.9
H3029,4.9
H3030,6.0
H3031,
H3032,6.2
H3033,4.1
H3034,5.8
H3035,7.4
H3036,5.3
H3037,5.9
H3038,4.9
H3039,
H3040,3.8
H3041,4.5
H3042,
H3043,5.9
H3044,3.2
H3045,3.6
H3046,4.8
H3047,5.1
H3048,
H3049,6.3
H3050,7.7
H3051,4.9
H3052,6.4
H3053,3.7
H3054,4.9
H3055,
H3056,5.9
H3057,5.1
H3058,
H3059,7.7
H3060,5.4
H3061,
H3062,
H3063,5.8
H3064,4.3
H3065,6.6
H3066,
H3067,5.9
H3068,5.6
H3069,3.2
H3070,4.6
H3071,4.6
H3072,6.9
H3073,5.6
H3074,
H3075,
H3076,4.8
H3077,7.5
H3078,6.2
H3079,4.8
H3080,6.1
H3081,5.7
H3082,6.0
H3083,5.8
H3084,5.7
H3085,4.3
H3086,5.5
H3087,3.4
H3088,5.1
H3089,6.3
H3090,6.0
H3091,
H3092,6.5
H3093,6.5
H3094,
H3095,
H3096,
H3097,4.9
H3098,4.3
H3099,
H3100,
H3101,4.6
H3102,7.0
H3103,5.6
H3104,
H3105,4.8
H3106,5.1
H3107,5.6
H3108,4.3
H3109,4.9
H3110,5.0
H3111,6.4
H3112,4.7
H3113,
H3114,6.3
H3115,4.2
H3116,5.3
H3117,5.9
H3118,
H3119,6.9
H3120,6.7
H3121,5.2
H3122,6.0
H3123,
H3124,6.0
H3125,7.3
H3126,
H3127,6.1
H3128,4.6
H3129,5.7
H3130,5.1
H3131,4.8
H3132,4.5
H3133,5.4
H3134,5.2
H3135,4.5
H3136,4.9
H3137,4.9
H3138,5.3
H3139,5.8
H3140,5.8
H3141,4.2
H3142,6.3
H3143,4.5
H3144,7.0
H3145,6.6
H3146,6.2
H3147,
H3148,7.5
H3149,6.2
H3150,6.4
H3151,3.4
H3152,8.2
H3153,6.5
H3154,6.0
H3155,
H3156,5.3
H3157,4.7
H3158,7.2
H3159,5.7
H3160,3.5
H3161,5.8
H3162,6.1
H3163,4.6
H3164,
H3165,6.0
H3166,5.4
H3167,5.4
H3168,
H3169,6.2
H3170,
H3171,7.1
H3172,4.8
H3173,4.8
H3174,4.5
H3175,5.7
H3176,4.7
H3177,
H3178,5.2
H3179,4.0
H3180,
H3181,5.9
H3182,4.0
H3183,3.8
H3184,3.7
H3185,
H3186,
H3187,
H3188,
H3189,
H3190,4.2
H3191,
H3192,
H3193,
H3194,
H3195,4.7
H3196,6.4
H3197,4.7
H3198,5.6
H3199,4.3
H3200,3.1
H3201,5.5
H3202,5.6
H3203,4.9
H3204,5.1
H3205,4.3
H3206,5.1
H3207,5.7
H3208,
H3209,6.4
H3210,
H3211,3.6
H3212,3.7
H3213,5.0
H3214,
H3215,6.2
H3216,
H3217,4.0
H3218,6.0
H3219,5.8
H3220,
H3221,3.7
H3222,
H3223,
H3224,5.9
H3225,4.2
H3226,4.7
H3227,4.3
H3228,5.6
H3229,
H3230,
H3231,3.5
H3232,5.5
H3233,6.6
H3234,3.9
H3235,5.3
H3236,6.6
H3237,4.7
H3238,
H3239,6.6
H3240,6.0
H3241,6.1
H3242,3.4
H3243,5.8
H3244,
H3245,4.5
H3246,3.9
H3247,5.2
H3248,3.6
H3249,5.8
H3250,5.4
H3251,4.3
H3252,5.6
H3253,6.1
H3254,7.1
H3255,6.0
H3256,6.2
H3257,
H3258,4.8
H3259,5.8
H3260,4.5
H3261,4.7
H3262,5.6
H3263,4.7
H3264,
H3265,2.7
H3266,
H3267,
H3268,6.6
H3269,3.8
H3270,5.0
H3271,4.7
H3272,
H3273,
H3274,6.9
H3275,5.1
H3276,
H3277,5.1
H3278,3.8
H3279,4.5
H3280,3.0
H3281,5.0
H3282,4.4
H3283,
H3284,3.9
H3285,6.6
H3286,6.1
H3287,5.7
H3288,5.1
H3289,
H3290,5.7
H3291,3.4
H3292,5.0
H3293,
H3294,5.9
H3295,4.2
H3296,
H3297,3.8
H3298,6.5
H3299,6.4
H3300,
H3301,4.2
H3302,5.3
H3303,4.6
H3304,4.8
H3305,
H3306,5.5
H3307,
H3308,5.4
H3309,7.7
H3310,6.3
H3311,5.6
H3312,3.1
H3313,
H3314,4.3
H3315,4.5
H3316,6.3
H3317,3.6
H3318,
H3319,4.7
H3320,
H3321,5.4
H3322,6.2
H3323,5.1
H3324,5.4
H3325,5.2
H3326,5.0
H3327,5.5
H3328,5.2
H3329,4.9
H3330,
H3331,4.0
H3332,5.3
H3333,5.4
H3334,
H3335,4.0
H3336,6.6
H3337,6.4
H3338,8.1
H3339,4.7
H3340,
H3341,3.9
H3342,7.6
H3343,5.1
H3344,
H3345,
H3346,4.0
H3347,6.0
H3348,6.1
H3349,4.1
H3350,5.4
H3351,4.4
H3352,7.5
H3353,6.0
H3354,3.9
H3355,
H3356,
H3357,7.2
H3358,6.7
H3359,6.7
H3360,
H3361,4.9
H3362,
H3363,5.7
H3364,
H3365,6.1
H3366,
H3367,5.4
H3368,7.0
H3369,3.2
H3370,5.2
H3371,
H3372,3.2
H3373,4.0
H3374,6.6
H3375,6.4
H3376,5.2
H3377,6.0
H3378,6.1
H3379,5.5
H3380,3.6
H3381,5.6
H3382,5.9
H3383,
H3384,5.9
H3385,4.4
H3386,6.7
H3387,5.7
H3388,6.5
H3389,5.0
H3390,
H3391,4.3
H3392,5.9
H3393,
H3394,6.2
H3395,
H3396,
H3397,5.1
H3398,3.8
H3399,3.6
H3400,5.6
H3401,4.0
H3402,7.1
H3403,
H3404,5.7
H3405,4.1
H3406,3.7
H3407,
H3408,6.9
H3409,5.5
H3410,
H3411,4.4
H3412,4.2
H3413,4.3
H3414,5.6
H3415,
H3416,
H3417,
H3418,6.5
H3419,
H3420,7.9
H3421,4.7
H3422,4.8
H3423,7.0
H3424,
H3425,
H3426,6.0
H3427,6.3
H3428,
H3429,
H3430,6.7
H3431,5.3
H3432,7.2
H3433,5.0
H3434,
H3435,
H3436,
H3437,5.7
H3438,5.2
H3439,5.0
H3440,6.2
H3441,4.6
H3442,4.2
H3443,4.1
H3444,5.9
H3445,5.8
H3446,
H3447,5.7
H3448,6.9
H3449,4.9
H3450,5.0
H3451,4.7
H3452,5.7
H3453,5.0
H3454,
H3455,6.3
H3456,6.2
H3457,6.9
H3458,5.2
H3459,5.0
H3460,4.8
H3461,5.4
H3462,5.0
H3463,5.6
H3464,5.2
H3465,5.6
H3466,4.5
H3467,5.1
H3468,
H3469,3.4
H3470,
H3471,
H3472,3.9
H3473,
H3474,4.6
H3475,
H3476,
H3477,5.9
H3478,6.5
H3479,
H3480,4.1
H3481,5.3
H3482,6.7
H3483,
H3484,4.0
H3485,5.0
H3486,4.9
H3487,3.8
H3488,4.7
H3489,5.1
H3490,5.4
H3491,6.5
H3492,4.0
H3493,
H3494,
H3495,
H3496,4.6
H3497,4.0
H3498,5.1
H3499,5.2
H3500,5.4
H3501,6.7
H3502,4.8
H3503,
H3504,
H3505,4.9
H3506,5.7
H3507,
H3508,
H3509,5.3
H3510,5.3
H3511,5.1
H3512,4.6
H3513,
H3514,5.0
H3515,
H3516,3.7
H3517,6.6
H3518,
H3519,5.7
H3520,
H3521,6.0
H3522,5.6
H3523,
H3524,4.2
H3525,5.5
H3526,4.1
H3527,
H3528,6.0
H3529,7.5
H3530,7.3
H3531,3.3
H3532,7.4
H3533,4.2
H3534,4.6
H3535,5.0
H3536,
H3537,
H3538,
H3539,5.4
H3540,5.2
H3541,
H3542,4.5
H3543,4.8
H3544,4.8
H3545,
H3546,5.4
H3547,6.1
H3548,4.8
H3549,
H3550,5.9
H3551,3.9
H3552,
H3553,5.1
H3554,7.2
H3555,5.8
H3556,
H3557,5.5
H3558,5.5
H3559,4.5
H3560,4.6
H3561,5.2
H3562,6.9
H3563,6.7
H3564,5.6
H3565,4.5
H3566,3.7
H3567,4.8
H3568,3.3
H3569,
H3570,5.2
H3571,4.2
H3572,6.8
H3573,3.8
H3574,5.8
H3575,4.7
H3576,5.4
H3577,6.8
H3578,4.1
H3579,5.8
H3580,6.0
H3581,
H3582,
H3583,3.8
H3584,6.3
H3585,4.0
H3586,5.3
H3587,
H3588,6.3
H3589,4.7
H3590,
H3591,8.1
H3592,
H3593,4.8
H3594,5.7
H3595,
H3596,4.8
H3597,3.4
H3598,4.5
H3599,4.1
H3600,3.5
H3601,
H3602,7.0
H3603,4.7
H3604,5.9
H3605,4.7
H3606,5.5
H3607,
H3608,
H3609,
H3610,4.4
H3611,
H3612,2.8
H3613,4.7
H3614,5.6
H3615,3.3
H3616,6.1
H3617,7.1
H3618,
H3619,5.4
H3620,5.2
H3621,4.5
H3622,5.0
H3623,
H3624,5.8
H3625,5.1
H3626,7.5
H3627,4.8
H3628,6.6
H3629,
H3630,4.5
H3631,4.9
H3632,3.8
H3633,3.4
H3634,4.7
H3635,5.0
H3636,4.7
H3637,
H3638,3.6
H3639,
H3640,
H3641,
H3642,
H3643,5.7
H3644,6.5
H3645,6.7
H3646,5.6
H3647,6.5
H3648,6.2
H3649,7.0
H3650,5.9
H3651,4.8
H3652,
H3653,4.7
H3654,5.0
H3655,4.9
H3656,5.3
H3657,2.8
H3658,
H3659,3.9
H3660,
H3661,5.4
H3662,4.8
H3663,
H3664,4.5
H3665,
H3666,6.3
H3667,6.2
H3668,
H3669,5.4
H3670,3.5
H3671,4.8
H3672,6.3
H3673,
H3674,3.4
H3675,4.0
H3676,5.7
H3677,
H3678,4.7
H3679,4.3
H3680,4.2
H3681,
H3682,6.4
H3683,5.8
H3684,
H3685,
H3686,5.1
H3687,4.6
H3688,
H3689,4.1
H3690,3.3
H3691,5.3
H3692,5.3
H3693,3.5
H3694,6.7
H3695,
H3696,6.9
H3697,
H3698,5.4
H3699,5.1
H3700,
H3701,5.2
H3702,5.4
H3703,4.0
H3704,4.1
H3705,
H3706,7.6
H3707,
H3708,3.9
H3709,3.9
H3710,4.3
H3711,3.6
H3712,5.1
H3713,3.8
H3714,3.9
H3715,
H3716,4.0
H3717,3.2
H3718,5.7
H3719,
H3720,5.0
H3721,
H3722,6.0
H3723,3.4
H3724,5.6
H3725,4.0
H3726,
H3727,4.7
H3728,7.3
H3729,5.7
H3730,5.4
H3731,4.5
H3732,
H3733,4.1
H3734,
H3735,6.7
H3736,5.2
H3737,5.8
H3738,5.5
H3739,6.8
H3740,7.2
H3741,6.7
H3742,
H3743,
H3744,5.9
H3745,3.9
H3746,4.6
H3747,5.3
H3748,4.9
H3749,
H3750,
H3751,6.9
H3752,
H3753,7.7
H3754,
H3755,3.8
H3756,
H3757,4.5
H3758,6.4
H3759,4.7
H3760,4.9
H3761,7.2
H3762,5.0
H3763,4.9
H3764,4.8
H3765,6.0
H3766,
H3767,3.7
H3768,
H3769,4.4
H3770,
H3771,6.6
H3772,5.0
H3773,6.2
H3774,
H3775,5.4
H3776,5.7
H3777,6.0
H3778,7.4
H3779,
H3780,
H3781,4.0
H3782,
H3783,5.2
H3784,5.9
H3785,5.8
H3786,
H3787,
H3788,
H3789,6.9
H3790,6.4
H3791,
H3792,4.2
H3793,4.1
H3794,5.4
H3795,3.4
H3796,4.5
H3797,
H3798,4.7
H3799,4.6
H3800,4.7
H3801,6.5
H3802,6.7
H3803,
H3804,5.4
H3805,6.7
H3806,5.5
H3807,3.3
H3808,
H3809,5.8
H3810,3.8
H3811,7.6
H3812,
H3813,5.6
H3814,5.3
H3815,5.0
H3816,5.3
H3817,4.0
H3818,6.1
H3819,5.7
H3820,5.4
H3821,6.3
H3822,6.4
H3823,4.2
H3824,5.3
H3825,4.5
H3826,3.5
H3827,5.2
H3828,
H3829,5.9
H3830,5.2
H3831,6.0
H3832,
H3833,6.2
H3834,
H3835,5.7
H3836,5.1
H3837,2.9
H3838,6.3
H3839,5.6
H3840,7.5
H3841,5.8
H3842,
H3843,
H3844,5.1
H3845,4.2
H3846,5.8
H3847,6.2
H3848,
H3849,5.5
H3850,6.0
H3851,
H3852,6.8
H3853,7.6
H3854,6.5
H3855,
H3856,6.1
H3857,4.2
H3858,6.2
H3859,5.0
H3860,1.9
H3861,
H3862,5.8
H3863,3.4
H3864,
H3865,7.0
H3866,5.3
H3867,5.5
H3868,
H3869,5.9
H3870,3.2
H3871,5.3
H3872,5.1
H3873,5.9
H3874,7.5
H3875,
H3876,
H3877,3.4
H3878,6.2
H3879,4.3
H3880,5.8
H3881,5.4
H3882,6.9
H3883,5.2
H3884,
H3885,5.7
H3886,
H3887,
H3888,5.8
H3889,4.7
H3890,
H3891,3.9
H3892,5.5
H3893,7.0
H3894,
H3895,
H3896,
H3897,6.7
H3898,2.8
H3899,6.3
H3900,3.4
H3901,5.2
H3902,6.5
H3903,4.5
H3904,6.2
H3905,
H3906,6.8
H3907,3.6
H3908,7.2
H3909,5.6
H3910,4.7
H3911,
H3912,3.6
H3913,5.3
H3914,5.3
H3915,3.6
H3916,4.2
H3917,
H3918,4.5
H3919,5.0
H3920,
H3921,
H3922,
H3923,5.4
H3924,
H3925,5.8
H3926,4.2
H3927,4.1
H3928,6.0
H3929,6.6
H3930,4.6
H3931,5.2
H3932,6.3
H3933,4.6
H3934,5.2
H3935,6.8
H3936,7.5
H3937,7.0
H3938,3.9
H3939,6.8
H3940,
H3941,5.2
H3942,4.2
H3943,3.2
H3944,5.3
H3945,
H3946,
H3947,
H3948,
H3949,5.1
H3950,6.8
H3951,8.0
H3952,
H3953,5.1
H3954,
H3955,
H3956,7.7
H3957,4.6
H3958,7.0
H3959,
H3960,6.0
H3961,4.0
H3962,4.7
H3963,7.1
H3964,5.3
H3965,6.2
H3966,5.6
H3967,6.1
H3968,4.8
H3969,3.7
H3970,5.2
H3971,4.8
H3972,4.9
H3973,5.2
H3974,5.1
H3975,6.0
H3976,5.3
H3977,5.9
H3978,7.9
H3979,5.8
H3980,4.7
H3981,4.8
H3982,
H3983,
H3984,3.7
H3985,4.0
H3986,7.2
H3987,5.1
H3988,5.9
H3989,5.3
H3990,
H3991,3.8
H3992,3.8
H3993,6.0
H3994,3.7
H3995,6.2
H3996,
H3997,6.7
H3998,4.5
H3999,4.4
H4000,7.0
H4001,5.7
H4002,
H4003,
H4004,4.0
H4005,4.9
H4006,
H4007,7.1
H4008,
H4009,5.3
H4010,5.3
H4011,4.5
H4012,5.2
H4013,5.0
H4014,6.2
H4015,
H4016,4.6
H4017,5.5
H4018,
H4019,
H4020,5.5
H4021,4.5
H4022,
H4023,4.4
H4024,5.5
H4025,6.4
H4026,4.0
H4027,5.2
H4028,
H4029,
H4030,7.1
H4031,5.7
H4032,4.6
H4033,5.3
H4034,3.6
H4035,
H4036,2.6
H4037,6.0
H4038,3.5
H4039,7.6
H4040,7.2
H4041,
H4042,4.1
H4043,6.7
H4044,5.9
H4045,6.3
H4046,
H4047,5.9
H4048,4.7
H4049,5.2
H4050,
H4051,
H4052,7.9
H4053,4.3
H4054,5.2
H4055,5.1
H4056,4.4
H4057,6.6
H4058,5.2
H4059,4.9
H4060,6.0
H4061,5.9
H4062,
H4063,
H4064,4.3
H4065,6.3
H4066,
H4067,5.0
H4068,5.0
H4069,
H4070,5.5
H4071,5.4
H4072,4.6
H4073,5.5
H4074,4.3
H4075,7.5
H4076,5.2
H4077,6.6
H4078,4.0
H4079,6.8
H4080,3.8
H4081,
H4082,5.7
H4083,
H4084,4.8
H4085,3.9
H4086,
H4087,5.3
H4088,3.9
H4089,4.1
H4090,4.5
H4091,5.6
H4092,
H4093,5.5
H4094,5.2
H4095,4.2
H4096,6.3
H4097,5.6
H4098,4.2
H4099,4.7
H4100,
H4101,4.6
H4102,4.3
H4103,3.6
H4104,5.0
H4105,5.9
H4106,
H4107,5.2
H4108,6.8
H4109,
H4110,
H4111,5.7
H4112,
H4113,6.2
H4114,4.6
H4115,3.9
H4116,3.3
H4117,4.1
H4118,
H4119,3.0
H4120,5.1
H4121,
H4122,6.0
H4123,5.2
H4124,4.0
H4125,
H4126,4.9
H4127,4.9
H4128,6.0
H4129,6.2
H4130,
H4131,4.9
H4132,
H4133,4.4
H4134,5.1
H4135,6.5
H4136,7.5
H4137,
H4138,5.1
H4139,7.6
H4140,
H4141,
H4142,7.0
H4143,4.8
H4144,
H4145,4.0
H4146,6.8
H4147,
H4148,5.4
H4149,5.2
H4150,6.6
H4151,
H4152,7.4
H4153,7.3
H4154,4.3
H4155,4.7
H4156,
H4157,5.7
H4158,3.9
H4159,4.5
H4160,6.2
H4161,
H4162,7.4
H4163,5.9
H4164,7.7
H4165,5.6
H4166,3.2
H4167,4.6
H4168,5.8
H4169,5.2
H4170,6.1
H4171,
H4172,5.3
H4173,6.3
H4174,6.3
H4175,5.5
H4176,4.9
H4177,7.5
H4178,4.4
H4179,5.6
H4180,6.8
H4181,
H4182,5.9
H4183,5.4
H4184,
H4185,
H4186,6.0
H4187,4.4
H4188,4.0
H4189,
H4190,
H4191,
H4192,
H4193,
H4194,4.5
H4195,
H4196,5.5
H4197,4.7
H4198,4.4
H4199,6.3
H4200,4.1
H4201,
H4202,
H4203,
H4204,
H4205,5.7
H4206,
H4207,
H4208,4.5
H4209,4.9
H4210,
H4211,3.9
H4212,4.7
H4213,4.0
H4214,3.9
H4215,5.2
H4216,
H4217,5.7
H4218,4.9
H4219,3.1
H4220,7.0
H4221,2.9
H4222,3.2
H4223,5.2
H4224,4.2
H4225,
H4226,4.7
H4227,4.2
H4228,4.6
H4229,5.4
H4230,7.5
H4231,3.8
H4232,2.8
H4233,
H4234,3.6
H4235,
H4236,
H4237,4.1
H4238,
H4239,5.0
H4240,4.9
H4241,3.8
H4242,5.5
H4243,8.0
H4244,7.2
H4245,
H4246,6.8
H4247,7.0
H4248,6.2
H4249,5.1
H4250,
H4251,5.5
H4252,
H4253,
H4254,4.9
H4255,
H4256,7.2
H4257,6.8
H4258,5.8
H4259,
H4260,6.0
H4261,
H4262,5.1
H4263,5.3
H4264,6.2
H4265,
H4266,4.9
H4267,7.3
H4268,4.7
H4269,5.7
H4270,4.3
H4271,5.8
H4272,
H4273,5.5
H4274,6.5
H4275,3.7
H4276,4.7
H4277,5.9
H4278,4.5
H4279,4.2
H4280,5.0
H4281,4.1
H4282,
H4283,3.4
H4284,5.2
H4285,4.8
H4286,4.3
H4287,
H4288,4.9
H4289,
H4290,3.6
H4291,3.4
H4292,
H4293,4.1
H4294,6.8
H4295,7.9
H4296,4.8
H4297,
H4298,5.5
H4299,
H4300,
H4301,
H4302,
H4303,
H4304,6.2
H4305,5.4
H4306,4.5
H4307,5.0
H4308,
H4309,
H4310,4.9
H4311,5.0
H4312,4.3
H4313,4.5
H4314,4.4
H4315,5.3
H4316,7.2
H4317,6.3
H4318,
H4319,3.7
H4320,4.6
H4321,
H4322,
H4323,4.7
H4324,
H4325,
H4326,
H4327,6.2
H4328,2.8
H4329,7.3
H4330,
H4331,
H4332,4.1
H4333,
H4334,4.7
H4335,5.9
H4336,4.3
H4337,5.7
H4338,6.5
H4339,5.2
H4340,
H4341,
H4342,5.1
H4343,4.9
H4344,
H4345,7.6
H4346,8.2
H4347,4.9
H4348,
H4349,6.0
H4350,6.4
H4351,8.0
H4352,8.5
H4353,4.5
H4354,6.8
H4355,2.5
H4356,5.6
H4357,6.0
H4358,
H4359,
H4360,4.3
H4361,7.1
H4362,5.6
H4363,
H4364,5.5
H4365,5.9
H4366,5.5
H4367,6.1
H4368,
H4369,4.7
H4370,2.9
H4371,5.6
H4372,3.5
H4373,
H4374,
H4375,6.1
H4376,4.3
H4377,5.5
H4378,3.5
H4379,5.5
H4380,6.2
H4381,5.7
H4382,5.2
H4383,4.8
H4384,
H4385,5.6
H4386,
H4387,
H4388,
H4389,5.0
H4390,5.9
H4391,5.7
H4392,5.2
H4393,4.3
H4394,6.1
H4395,7.3
H4396,4.0
H4397,
H4398,5.4
H4399,
H4400,4.5
H4401,5.1
H4402,5.1
H4403,4.5
H4404,3.9
H4405,5.5
H4406,4.7
H4407,
H4408,3.8
H4409,5.0
H4410,6.1
H4411,
H4412,
H4413,6.5
H4414,3.8
H4415,
H4416,4.9
H4417,2.9
H4418,5.6
H4419,4.8
H4420,3.6
H4421,6.1
H4422,
H4423,6.2
H4424,6.4
H4425,4.9
H4426,4.7
H4427,5.5
H4428,
H4429,6.7
H4430,3.3
H4431,5.1
H4432,6.6
H4433,
H4434,5.7
H4435,
H4436,4.7
H4437,6.5
H4438,4.8
H4439,
H4440,
H4441,3.8
H4442,6.7
H4443,
H4444,8.3
H4445,
H4446,5.3
H4447,6.9
H4448,
H4449,6.9
H4450,8.3
H4451,4.8
H4452,7.3
H4453,6.9
H4454,5.6
H4455,
H4456,
H4457,6.4
H4458,6.1
H4459,
H4460,6.1
H4461,4.8
H4462,
H4463,5.8
H4464,7.0
H4465,
H4466,
H4467,6.7
H4468,5.5
H4469,
H4470,
H4471,4.7
H4472,
H4473,
H4474,6.8
H4475,3.6
H4476,4.4
H4477,4.7
H4478,6.8
H4479,
H4480,4.6
H4481,6.4
H4482,5.9
H4483,5.0
H4484,
H4485,4.6
H4486,4.5
H4487,4.8
H4488,6.2
H4489,6.1
H4490,6.2
H4491,4.3
H4492,5.7
H4493,4.6
H4494,4.9
H4495,4.0
H4496,6.5
H4497,
H4498,
H4499,3.9
H4500,
H4501,7.6
H4502,4.6
H4503,3.3
H4504,
H4505,4.8
H4506,3.5
H4507,5.1
H4508,3.6
H4509,4.9
H4510,7.0
H4511,
H4512,
H4513,4.5
H4514,5.9
H4515,6.4
H4516,5.1
H4517,5.4
H4518,4.9
H4519,3.8
H4520,5.4
H4521,5.7
H4522,5.0
H4523,7.0
H4524,
H4525,6.3
H4526,4.3
H4527,
H4528,
H4529,5.1
H4530,
H4531,4.2
H4532,
H4533,4.9
H4534,9.0
H4535,
H4536,5.8
H4537,
H4538,4.6
H4539,6.0
H4540,
H4541,6.7
H4542,3.2
H4543,3.2
H4544,6.3
H4545,
H4546,8.3
H4547,5.5
H4548,7.0
H4549,5.8
H4550,5.6
H4551,8.0
H4552,
H4553,4.5
H4554,5.3
H4555,6.0
H4556,8.3
H4557,7.6
H4558,7.6
H4559,6.0
H4560,
H4561,5.9
H4562,5.3
H4563,7.1
H4564,4.7
H4565,
H4566,6.5
H4567,4.9
H4568,
H4569,6.2
H4570,6.2
H4571,5.2
H4572,5.2
H4573,
H4574,3.9
H4575,
H4576,6.3
H4577,4.8
H4578,5.2
H4579,5.4
H4580,6.3
H4581,
H4582,5.1
H4583,
H4584,3.9
H4585,5.7
H4586,
H4587,5.1
H4588,5.5
H4589,
H4590,
H4591,5.9
H4592,
H4593,
H4594,
H4595,
H4596,6.0
H4597,
H4598,4.5
H4599,
H4600,5.0
H4601,
H4602,4.6
H4603,4.5
H4604,5.0
H4605,
H4606,5.1
H4607,5.4
H4608,4.9
H4609,4.7
H4610,5.2
H4611,4.8
H4612,6.2
H4613,4.4
H4614,3.9
H4615,3.9
H4616,4.9
H4617,4.7
H4618,5.0
H4619,
H4620,4.9
H4621,6.6
H4622,6.3
H4623,5.7
H4624,4.7
H4625,4.0
H4626,6.6
H4627,
H4628,4.1
H4629,5.5
H4630,5.1
H4631,5.3
H4632,4.1
H4633,
H4634,
H4635,
H4636,2.3
H4637,8.2
H4638,6.2
H4639,4.2
H4640,6.4
H4641,5.6
H4642,6.2
H4643,5.3
H4644,
H4645,5.1
H4646,
H4647,6.2
H4648,7.4
H4649,
H4650,
H4651,4.3
H4652,6.7
H4653,7.8
H4654,6.5
H4655,6.2
H4656,
H4657,4.2
H4658,6.5
H4659,5.7
H4660,6.0
H4661,
H4662,5.3
H4663,7.1
H4664,
H4665,
H4666,4.4
H4667,
H4668,5.1
H4669,5.5
H4670,5.8
H4671,6.0
H4672,6.7
H4673,
H4674,
H4675,5.2
H4676,4.0
H4677,4.9
H4678,5.3
H4679,6.2
H4680,
H4681,5.5
H4682,5.2
H4683,4.7
H4684,6.0
H4685,5.2
H4686,4.8
H4687,
H4688,6.0
H4689,4.7
H4690,6.6
H4691,5.5
H4692,5.0
H4693,
H4694,
H4695,
H4696,6.2
H4697,6.3
H4698,4.8
H4699,3.4
H4700,
H4701,
H4702,6.1
H4703,5.7
H4704,5.6
H4705,3.4
H4706,
H4707,4.6
H4708,6.3
H4709,5.0
H4710,3.3
H4711,6.0
H4712,4.8
H4713,6.6
H4714,
H4715,
H4716,7.3
H4717,5.1
H4718,4.4
H4719,6.5
H4720,4.4
H4721,5.7
H4722,4.6
H4723,
H4724,
H4725,3.9
H4726,4.3
H4727,
H4728,6.0
H4729,6.2
H4730,5.3
H4731,
H4732,5.7
H4733,4.1
H4734,
H4735,5.3
H4736,5.4
H4737,6.5
H4738,4.4
H4739,
H4740,
H4741,4.1
H4742,
H4743,
H4744,
H4745,7.2
H4746,6.1
H4747,7.9
H4748,
H4749,6.7
H4750,7.0
H4751,7.0
H4752,5.4
H4753,7.2
H4754,8.1
H4755,5.4
H4756,6.7
H4757,7.2
H4758,4.6
H4759,
H4760,4.7
H4761,6.9
H4762,6.1
H4763,5.0
H4764,7.8
H4765,3.8
H4766,6.2
H4767,4.5
H4768,6.0
H4769,
H4770,3.8
H4771,
H4772,5.8
H4773,4.9
H4774,4.5
H4775,6.2
H4776,3.0
H4777,6.3
H4778,3.4
H4779,
H4780,3.3
H4781,6.4
H4782,5.4
H4783,5.8
H4784,5.9
H4785,
H4786,5.3
H4787,4.1
H4788,5.1
H4789,5.2
H4790,
H4791,
H4792,7.1
H4793,
H4794,
H4795,
H4796,5.3
H4797,3.8
H4798,3.7
H4799,
H4800,
H4801,3.0
H4802,4.7
H4803,5.9
H4804,3.7
H4805,
H4806,5.0
H4807,6.5
H4808,
H4809,5.9
H4810,
H4811,8.1
H4812,5.2
H4813,5.3
H4814,
H4815,4.3
H4816,4.8
H4817,4.7
H4818,6.7
H4819,4.8
H4820,5.9
H4821,
H4822,6.1
H4823,
H4824,6.4
H4825,5.8
H4826,
H4827,5.4
H4828,7.1
H4829,5.6
H4830,6.1
H4831,3.8
H4832,
H4833,5.4
H4834,5.0
H4835,4.2
H4836,7.2
H4837,5.8
H4838,5.4
H4839,
H4840,7.3
H4841,4.8
H4842,7.1
H4843,6.7
H4844,6.2
H4845,6.1
H4846,
H4847,7.9
H4848,5.3
H4849,7.9
H4850,
H4851,7.9
H4852,
H4853,8.1
H4854,7.6
H4855,
H4856,
H4857,6.5
H4858,7.9
H4859,6.6
H4860,6.1
H4861,6.4
H4862,
H4863,5.3
H4864,4.6
H4865,6.3
H4866,6.0
H4867,6.5
H4868,
H4869,6.8
H4870,
H4871,5.6
H4872,5.4
H4873,6.3
H4874,
H4875,
H4876,5.0
H4877,4.9
H4878,
H4879,7.4
H4880,6.3
H4881,5.6
H4882,
H4883,4.7
H4884,5.5
H4885,7.3
H4886,5.0
H4887,4.0
H4888,
H4889,
H4890,7.3
H4891,5.8
H4892,3.9
H4893,
H4894,4.8
H4895,6.1
H4896,4.8
H4897,6.7
H4898,5.2
H4899,6.9
H4900,
H4901,5.7
H4902,
H4903,
H4904,3.1
H4905,4.7
H4906,
H4907,5.3
H4908,5.1
H4909,5.5
H4910,3.7
H4911,4.4
H4912,4.5
H4913,
H4914,6.9
H4915,5.7
H4916,5.1
H4917,5.9
H4918,4.2
H4919,7.2
H4920,
H4921,4.4
H4922,5.0
H4923,5.5
H4924,
H4925,6.1
H4926,6.0
H4927,6.5
H4928,4.6
H4929,4.3
H4930,5.6
H4931,5.3
H4932,7.1
H4933,6.9
H4934,5.4
H4935,7.0
H4936,5.6
H4937,5.2
H4938,3.5
H4939,
H4940,5.7
H4941,7.9
H4942,5.2
H4943,4.9
H4944,8.2
H4945,
H4946,4.9
H4947,7.9
H4948,6.9
H4949,5.4
H4950,8.3
H4951,
H4952,7.9
H4953,4.6
H4954,6.1
H4955,6.9
H4956,6.4
H4957,6.6
H4958,5.7
H4959,6.4
H4960,6.7
H4961,5.8
H4962,7.3
H4963,5.9
H4964,
H4965,4.4
H4966,4.1
H4967,5.1
H4968,5.6
H4969,
H4970,
H4971,3.6
H4972,4.6
H4973,4.0
H4974,4.7
H4975,
H4976,7.2
H4977,4.8
H4978,
H4979,5.5
H4980,
H4981,
H4982,6.2
H4983,6.9
H4984,6.2
H4985,4.2
H4986,7.2
H4987,6.9
H4988,5.0
H4989,
H4990,4.6
H4991,3.1
H4992,5.3
H4993,
H4994,
H4995,5.5
H4996,5.7
H4997,
H4998,
H4999,5.7
H5000,5.2
H5001,3.8
H5002,
H5003,5.3
H5004,4.2
H5005,4.6
H5006,5.8
H5007,6.3
H5008,5.6
H5009,
H5010,5.0
H5011,5.0
H5012,3.8
H5013,
H5014,4.6
H5015,6.2
H5016,
H5017,
H5018,4.8
H5019,4.1
H5020,
H5021,
H5022,3.1
H5023,5.6
H5024,5.5
H5025,3.9
H5026,4.9
H5027,5.0
H5028,4.7
H5029,5.2
H5030,4.4
H5031,
H5032,5.3
H5033,5.9
H5034,4.0
H5035,3.8
H5036,4.7
H5037,
H5038,7.0
H5039,5.1
H5040,4.7
H5041,
H5042,5.4
H5043,5.8
H5044,5.7
H5045,5.6
H5046,5.7
H5047,
H5048,6.6
H5049,
H5050,5.4
H5051,
H5052,8.6
H5053,6.7
H5054,7.9
H5055,7.7
H5056,4.7
H5057,5.6
H5058,6.2
H5059,6.6
H5060,5.6
H5061,2.6
H5062,5.7
H5063,
H5064,
H5065,
H5066,3.2
H5067,3.7
H5068,5.3
H5069,5.1
H5070,
H5071,
H5072,6.6
H5073,4.9
H5074,5.0
H5075,4.3
H5076,6.9
H5077,
H5078,4.6
H5079,
H5080,5.0
H5081,6.8
H5082,6.2
H5083,6.9
H5084,4.5
H5085,5.4
H5086,5.1
H5087,2.8
H5088,3.8
H5089,4.2
H5090,6.5
H5091,4.5
H5092,4.9
H5093,
H5094,
H5095,5.4
H5096,3.3
H5097,4.4
H5098,3.7
H5099,4.8
H5100,5.1
H5101,3.2
H5102,3.9
H5103,6.1
H5104,
H5105,3.6
H5106,
H5107,7.1
H5108,4.3
H5109,5.7
H5110,4.7
H5111,4.1
H5112,3.9
H5113,5.8
H5114,3.7
H5115,4.3
H5116,4.1
H5117,
H5118,6.9
H5119,6.9
H5120,3.1
H5121,6.8
H5122,6.2
H5123,4.7
H5124,
H5125,4.5
H5126,3.9
H5127,7.5
H5128,
H5129,
H5130,4.1
H5131,5.7
H5132,6.8
H5133,4.6
H5134,4.3
H5135,4.9
H5136,
H5137,4.6
H5138,6.4
H5139,5.2
H5140,5.8
H5141,6.6
H5142,4.8
H5143,8.4
H5144,6.4
H5145,5.2
H5146,5.7
H5147,6.8
H5148,7.2
H5149,6.8
H5150,7.5
H5151,7.0
H5152,7.5
H5153,
H5154,6.4
H5155,
H5156,
H5157,4.8
H5158,3.6
H5159,5.5
H5160,
H5161,4.7
H5162,5.6
H5163,5.0
H5164,
H5165,5.3
H5166,5.3
H5167,
H5168,6.2
H5169,
H5170,5.3
H5171,5.4
H5172,4.3
H5173,5.4
H5174,4.0
H5175,5.7
H5176,4.4
H5177,4.3
H5178,3.4
H5179,7.3
H5180,4.1
H5181,5.2
H5182,3.1
H5183,4.5
H5184,6.6
H5185,
H5186,5.2
H5187,
H5188,3.3
H5189,2.6
H5190,4.9
H5191,
H5192,5.8
H5193,5.2
H5194,3.9
H5195,5.0
H5196,5.4
H5197,5.2
H5198,6.7
H5199,4.6
H5200,7.6
H5201,5.1
H5202,5.7
H5203,4.6
H5204,4.6
H5205,
H5206,4.5
H5207,6.6
H5208,6.9
H5209,5.3
H5210,4.8
H5211,5.1
H5212,6.4
H5213,4.6
H5214,5.1
H5215,3.7
H5216,6.1
H5217,2.9
H5218,
H5219,
H5220,5.4
H5221,5.3
H5222,
H5223,6.0
H5224,5.4
H5225,3.9
H5226,7.2
H5227,4.8
H5228,
H5229,
H5230,5.6
H5231,2.6
H5232,
H5233,6.5
H5234,4.4
H5235,6.6
H5236,6.5
H5237,7.3
H5238,
H5239,
H5240,
H5241,
H5242,
H5243,6.4
H5244,
H5245,6.0
H5246,5.3
H5247,6.2
H5248,7.9
H5249,6.3
H5250,5.1
H5251,
H5252,6.7
H5253,4.2
H5254,6.8
H5255,
H5256,
H5257,
H5258,5.5
H5259,7.6
H5260,
H5261,
H5262,6.2
H5263,5.5
H5264,5.6
H5265,4.6
H5266,5.7
H5267,6.2
H5268,5.1
H5269,5.8
H5270,4.6
H5271,
H5272,6.1
H5273,3.8
H5274,5.0
H5275,
H5276,7.3
H5277,5.4
H5278,5.2
H5279,5.2
H5280,4.7
H5281,5.4
H5282,4.6
H5283,4.9
H5284,6.6
H5285,
H5286,
H5287,4.7
H5288,
H5289,4.5
H5290,
H5291,4.4
H5292,4.8
H5293,3.8
H5294,5.8
H5295,3.9
H5296,4.8
H5297,5.5
H5298,4.1
H5299,5.8
H5300,
H5301,5.4
H5302,6.2
H5303,4.0
H5304,
H5305,6.6
H5306,6.4
H5307,
H5308,5.9
H5309,6.9
H5310,
H5311,5.1
H5312,4.8
H5313,
H5314,4.9
H5315,4.9
H5316,7.5
H5317,4.6
H5318,5.0
H5319,
H5320,4.6
H5321,4.7
H5322,6.0
H5323,
H5324,
H5325,6.2
H5326,7.3
H5327,3.9
H5328,5.7
H5329,
H5330,5.2
H5331,
H5332,5.8
H5333,
H5334,6.0
H5335,8.3
H5336,4.9
H5337,5.7
H5338,4.9
H5339,
H5340,3.8
H5341,
H5342,5.1
H5343,5.4
H5344,
H5345,6.9
H5346,
H5347,7.4
H5348,5.9
H5349,7.6
H5350,6.9
H5351,5.4
H5352,6.8
H5353,
H5354,
H5355,3.3
H5356,5.7
H5357,5.4
H5358,6.3
H5359,3.0
H5360,4.6
H5361,6.0
H5362,
H5363,
H5364,6.2
H5365,6.6
H5366,
H5367,
H5368,5.5
H5369,
H5370,
H5371,6.2
H5372,
H5373,5.3
H5374,4.9
H5375,
H5376,5.1
H5377,4.2
H5378,
H5379,7.5
H5380,7.0
H5381,6.9
H5382,4.8
H5383,6.2
H5384,2.1
H5385,7.7
H5386,5.3
H5387,4.8
H5388,4.8
H5389,
H5390,
H5391,5.7
H5392,4.6
H5393,4.8
H5394,
H5395,5.8
H5396,3.7
H5397,
H5398,
H5399,5.5
H5400,3.6
H5401,4.7
H5402,6.6
H5403,7.0
H5404,6.5
H5405,4.8
H5406,
H5407,6.9
H5408,5.8
H5409,4.4
H5410,6.3
H5411,
H5412,6.0
H5413,5.5
H5414,4.1
H5415,
H5416,4.5
H5417,6.3
H5418,6.7
H5419,
H5420,
H5421,
H5422,
H5423,
H5424,
H5425,4.3
H5426,4.8
H5427,6.5
H5428,5.8
H5429,
H5430,4.7
H5431,
H5432,
H5433,
H5434,5.5
H5435,6.2
H5436,
H5437,6.2
H5438,
H5439,6.9
H5440,
H5441,
H5442,8.4
H5443,5.5
H5444,5.8
H5445,
H5446,7.0
H5447,4.1
H5448,
H5449,
H5450,4.8
H5451,6.7
H5452,5.3
H5453,7.2
H5454,7.3
H5455,5.5
H5456,8.0
H5457,
H5458,
H5459,
H5460,3.7
H5461,5.5
H5462,
H5463,4.1
H5464,4.8
H5465,
H5466,5.4
H5467,5.9
H5468,6.0
H5469,
H5470,5.3
H5471,5.5
H5472,3.0
H5473,
H5474,
H5475,
H5476,4.8
H5477,5.5
H5478,5.8
H5479,3.0
H5480,4.9
H5481,5.6
H5482,4.6
H5483,5.0
H5484,5.5
H5485,
H5486,4.6
H5487,6.3
H5488,5.1
H5489,5.9
H5490,3.8
H5491,5.0
H5492,
H5493,4.8
H5494,5.7
H5495,3.7
H5496,4.8
H5497,4.2
H5498,2.3
H5499,4.6
H5500,5.3
H5501,6.7
H5502,
H5503,3.7
H5504,4.4
H5505,3.6
H5506,5.3
H5507,4.5
H5508,
H5509,4.3
H5510,
H5511,5.1
H5512,
H5513,5.3
H5514,3.9
H5515,
H5516,5.3
H5517,
H5518,5.9
H5519,
H5520,4.4
H5521,4.2
H5522,6.2
H5523,3.9
H5524,
H5525,4.8
H5526,
H5527,6.8
H5528,3.1
H5529,
H5530,7.6
H5531,
H5532,3.6
H5533,5.3
H5534,3.0
H5535,5.4
H5536,7.3
H5537,5.7
H5538,
H5539,
H5540,5.7
H5541,5.1
H5542,
H5543,
H5544,4.5
H5545,7.7
H5546,7.1
H5547,
H5548,7.2
H5549,6.1
H5550,7.3
H5551,
H5552,5.3
H5553,5.0
H5554,5.9
H5555,7.0
H5556,7.7
H5557,4.8
H5558,6.1
H5559,4.6
H5560,5.4
H5561,5.4
H5562,
H5563,5.4
H5564,
H5565,3.3
H5566,4.9
H5567,5.0
H5568,5.9
H5569,
H5570,4.0
H5571,
H5572,4.4
H5573,
H5574,
H5575,6.6
H5576,5.1
H5577,7.6
H5578,5.0
H5579,6.0
H5580,4.8
H5581,4.2
H5582,5.4
H5583,5.1
H5584,
H5585,3.6
H5586,4.9
H5587,6.0
H5588,5.2
H5589,4.5
H5590,6.3
H5591,
H5592,
H5593,5.1
H5594,4.6
H5595,3.8
H5596,3.7
H5597,5.1
H5598,5.9
H5599,
H5600,
H5601,
H5602,
H5603,4.3
H5604,5.7
H5605,6.1
H5606,6.6
H5607,
H5608,5.0
H5609,3.8
H5610,2.9
H5611,4.9
H5612,5.9
H5613,3.9
H5614,4.8
H5615,5.0
H5616,5.4
H5617,5.7
H5618,4.7
H5619,
H5620,5.7
H5621,5.3
H5622,
H5623,
H5624,6.7
H5625,
H5626,6.8
H5627,4.4
H5628,6.2
H5629,5.8
H5630,3.4
H5631,3.7
H5632,
H5633,3.8
H5634,
H5635,5.9
H5636,3.4
H5637,
H5638,5.9
H5639,5.4
H5640,4.3
H5641,4.6
H5642,3.7
H5643,3.2
H5644,2.7
H5645,
H5646,
H5647,6.6
H5648,6.6
H5649,4.0
H5650,
H5651,6.6
H5652,4.2
H5653,6.5
H5654,6.1
H5655,6.5
H5656,4.6
H5657,4.7
H5658,3.3
H5659,5.4
H5660,7.2
H5661,5.0
H5662,
H5663,6.4
H5664,
H5665,3.9
H5666,
H5667,7.9
H5668,5.3
H5669,5.4
H5670,5.3
H5671,
H5672,
H5673,5.0
H5674,4.1
H5675,
H5676,
H5677,5.3
H5678,4.2
H5679,3.2
H5680,5.4
H5681,6.1
H5682,
H5683,4.6
H5684,
H5685,6.2
H5686,
H5687,4.3
H5688,4.5
H5689,4.6
H5690,
H5691,
H5692,6.7
H5693,2.5
H5694,6.1
H5695,5.3
H5696,3.8
H5697,6.8
H5698,4.9
H5699,6.3
H5700,4.3
H5701,
H5702,
H5703,
H5704,
H5705,8.0
H5706,4.6
H5707,
H5708,3.0
H5709,5.7
H5710,4.6
H5711,5.3
H5712,5.9
H5713,4.8
H5714,
H5715,5.4
H5716,
H5717,
H5718,2.8
H5719,6.7
H5720,4.5
H5721,
H5722,
H5723,6.7
H5724,6.7
H5725,5.3
H5726,5.5
H5727,
H5728,6.1
H5729,
H5730,5.3
H5731,6.5
H5732,
H5733,5.9
H5734,3.6
H5735,4.9
H5736,3.8
H5737,5.5
H5738,3.1
H5739,
H5740,
H5741,4.5
H5742,6.0
H5743,5.6
H5744,5.6
H5745,6.8
H5746,
H5747,7.1
H5748,6.7
H5749,6.4
H5750,7.1
H5751,5.7
H5752,5.3
H5753,
H5754,
H5755,7.2
H5756,6.6
H5757,8.0
H5758,5.4
H5759,5.1
H5760,3.7
H5761,3.7
H5762,
H5763,5.2
H5764,6.6
H5765,4.4
H5766,4.8
H5767,5.8
H5768,5.6
H5769,4.9
H5770,5.1
H5771,4.2
H5772,4.5
H5773,5.7
H5774,4.1
H5775,3.5
H5776,
H5777,
H5778,6.2
H5779,
H5780,5.4
H5781,5.0
H5782,2.9
H5783,4.8
H5784,
H5785,
H5786,3.3
H5787,4.7
H5788,6.0
H5789,5.5
H5790,
H5791,
H5792,6.0
H5793,4.9
H5794,
H5795,
H5796,
H5797,6.5
H5798,5.3
H5799,4.8
H5800,5.4
H5801,4.0
H5802,4.7
H5803,
H5804,5.1
H5805,4.3
H5806,5.3
H5807,5.5
H5808,
H5809,6.1
H5810,7.2
H5811,5.4
H5812,
H5813,
H5814,5.4
H5815,5.6
H5816,4.4
H5817,
H5818,
H5819,5.2
H5820,5.8
H5821,4.8
H5822,3.8
H5823,7.4
H5824,3.8
H5825,
H5826,4.9
H5827,7.0
H5828,5.6
H5829,7.3
H5830,
H5831,4.6
H5832,5.6
H5833,3.7
H5834,6.2
H5835,
H5836,4.7
H5837,
H5838,5.6
H5839,
H5840,6.7
H5841,3.2
H5842,
H5843,
H5844,
H5845,
H5846,5.2
H5847,4.0
H5848,5.3
H5849,
H5850,
H5851,5.5
H5852,4.9
H5853,7.8
H5854,3.1
H5855,5.8
H5856,5.9
H5857,7.2
H5858,4.1
H5859,
H5860,
H5861,4.5
H5862,5.9
H5863,7.1
H5864,4.3
H5865,5.0
H5866,6.0
H5867,4.6
H5868,
H5869,6.8
H5870,4.6
H5871,6.8
H5872,5.9
H5873,
H5874,4.1
H5875,
H5876,6.1
H5877,5.0
H5878,4.0
H5879,6.1
H5880,
H5881,5.9
H5882,6.8
H5883,5.6
H5884,6.4
H5885,
H5886,
H5887,7.2
H5888,3.4
H5889,5.1
H5890,6.3
H5891,4.9
H5892,5.8
H5893,4.6
H5894,6.2
H5895,
H5896,
H5897,5.9
H5898,
H5899,5.8
H5900,4.9
H5901,5.6
H5902,
H5903,6.8
H5904,
H5905,4.3
H5906,5.7
H5907,4.9
H5908,6.3
H5909,7.3
H5910,
H5911,4.5
H5912,
H5913,3.3
H5914,4.7
H5915,4.7
H5916,6.5
H5917,6.0
H5918,
H5919,4.2
H5920,5.9
H5921,
H5922,
H5923,4.2
H5924,5.5
H5925,4.6
H5926,
H5927,4.9
H5928,5.1
H5929,2.4
H5930,3.1
H5931,6.5
H5932,5.5
H5933,2.4
H5934,4.1
H5935,6.5
H5936,6.6
H5937,4.3
H5938,
H5939,
H5940,5.5
H5941,7.3
H5942,3.7
H5943,5.1
H5944,5.0
H5945,4.2
H5946,6.3
H5947,4.5
H5948,5.6
H5949,5.4
H5950,6.3
H5951,5.5
H5952,
H5953,6.5
H5954,7.2
H5955,
H5956,6.9
H5957,
H5958,
H5959,4.5
H5960,5.3
H5961,7.0
H5962,
H5963,3.4
H5964,6.3
H5965,5.3
H5966,6.5
H5967,5.1
H5968,5.1
H5969,5.9
H5970,4.4
H5971,7.5
H5972,6.8
H5973,
H5974,
H5975,3.9
H5976,2.9
H5977,5.0
H5978,5.2
H5979,4.9
H5980,7.9
H5981,7.2
H5982,4.7
H5983,5.2
H5984,5.4
H5985,4.6
H5986,5.8
H5987,5.0
H5988,4.4
H5989,6.5
H5990,4.1
H5991,4.9
H5992,
H5993,5.6
H5994,3.9
H5995,3.6
H5996,6.6
H5997,5.1
H5998,
H5999,
H6000,4.2
H6001,6.5
H6002,6.6
H6003,5.2
H6004,3.4
H6005,
H6006,5.8
H6007,5.4
H6008,
H6009,
H6010,6.2
H6011,
H6012,5.8
H6013,5.7
H6014,3.0
H6015,
H6016,3.9
H6017,
H6018,4.8
H6019,
H6020,4.9
H6021,4.8
H6022,7.1
H6023,4.6
H6024,7.1
H6025,5.6
H6026,2.8
H6027,
H6028,3.2
H6029,
H6030,6.1
H6031,
H6032,4.4
H6033,
H6034,6.6
H6035,5.2
H6036,6.3
H6037,4.5
H6038,
H6039,3.9
H6040,5.7
H6041,2.9
H6042,4.8
H6043,5.3
H6044,7.3
H6045,6.6
H6046,7.4
H6047,
H6048,5.2
H6049,5.8
H6050,4.9
H6051,
H6052,5.9
H6053,4.9
H6054,6.0
H6055,4.3
H6056,3.2
H6057,6.5
H6058,4.3
H6059,
H6060,6.0
H6061,3.7
H6062,6.7
H6063,5.5
H6064,4.6
H6065,6.3
H6066,
H6067,
H6068,7.8
H6069,4.8
H6070,5.7
H6071,3.5
H6072,4.6
H6073,4.7
H6074,7.1
H6075,5.3
H6076,6.2
H6077,4.4
H6078,5.8
H6079,5.6
H6080,3.9
H6081,4.5
H6082,4.0
H6083,5.3
H6084,5.4
H6085,
H6086,6.5
H6087,
H6088,6.0
H6089,2.4
H6090,5.8
H6091,4.7
H6092,
H6093,5.6
H6094,6.3
H6095,4.7
H6096,
H6097,6.0
H6098,
H6099,5.6
H6100,5.7
H6101,6.0
H6102,3.9
H6103,6.3
H6104,3.9
H6105,6.0
H6106,4.2
H6107,6.5
H6108,
H6109,5.7
H6110,5.2
H6111,4.3
H6112,
H6113,5.1
H6114,5.0
H6115,6.3
H6116,
H6117,7.6
H6118,3.3
H6119,7.4
H6120,5.5
H6121,4.9
H6122,5.2
H6123,
H6124,6.7
H6125,7.3
H6126,5.9
H6127,5.2
H6128,4.1
H6129,
H6130,5.4
H6131,6.4
H6132,5.8
H6133,3.8
H6134,4.7
H6135,4.7
H6136,7.5
H6137,
H6138,6.8
H6139,5.8
H6140,
H6141,5.5
H6142,
H6143,8.0
H6144,6.0
H6145,5.1
H6146,
H6147,
H6148,7.4
H6149,
H6150,7.2
H6151,
H6152,5.8
H6153,6.7
H6154,4.9
H6155,2.5
H6156,
H6157,7.1
H6158,5.6
H6159,
H6160,
H6161,
H6162,4.4
H6163,6.3
H6164,7.9
H6165,
H6166,
H6167,6.1
H6168,4.1
H6169,5.7
H6170,6.7
H6171,6.4
H6172,5.4
H6173,
H6174,7.3
H6175,
H6176,3.9
H6177,6.8
H6178,6.3
H6179,
H6180,7.1
H6181,6.5
H6182,5.2
H6183,
H6184,8.0
H6185,3.7
H6186,7.3
H6187,3.9
H6188,7.3
H6189,
H6190,3.2
H6191,4.2
H6192,5.8
H6193,4.4
H6194,
H6195,6.7
H6196,
H6197,4.8
H6198,6.2
H6199,4.6
H6200,5.8
H6201,4.7
H6202,6.8
H6203,6.0
H6204,
H6205,7.8
H6206,3.5
H6207,
H6208,5.8
H6209,4.0
H6210,7.0
H6211,4.5
H6212,5.2
H6213,7.6
H6214,6.2
H6215,3.3
H6216,
H6217,2.9
H6218,5.7
H6219,5.8
H6220,6.0
H6221,3.6
H6222,4.6
H6223,8.3
H6224,5.8
H6225,5.4
H6226,5.1
H6227,4.4
H6228,5.9
H6229,
H6230,4.8
H6231,6.5
H6232,5.5
H6233,8.2
H6234,5.5
H6235,6.4
H6236,
H6237,4.9
H6238,4.6
H6239,5.4
H6240,
H6241,7.8
H6242,6.1
H6243,
H6244,4.7
H6245,5.4
H6246,5.3
H6247,5.6
H6248,
H6249,5.8
H6250,7.2
H6251,4.2
H6252,
H6253,5.0
H6254,
H6255,7.3
H6256,
H6257,4.8
H6258,
H6259,
H6260,5.6
H6261,5.6
H6262,5.6
H6263,6.8
H6264,5.9
H6265,
H6266,5.9
H6267,
H6268,5.5
H6269,5.6
H6270,
H6271,6.3
H6272,3.9
H6273,5.7
H6274,7.1
H6275,4.7
H6276,4.2
H6277,6.0
H6278,4.7
H6279,5.9
H6280,7.4
H6281,4.1
H6282,5.0
H6283,6.7
H6284,3.0
H6285,
H6286,5.2
H6287,
H6288,
H6289,5.1
H6290,6.6
H6291,5.8
H6292,5.7
H6293,2.9
H6294,
H6295,
H6296,4.9
H6297,4.9
H6298,6.5
H6299,6.1
H6300,
H6301,5.9
H6302,4.7
H6303,5.1
H6304,4.2
H6305,4.6
H6306,5.4
H6307,
H6308,4.5
H6309,
H6310,5.8
H6311,5.1
H6312,
H6313,4.3
H6314,5.0
H6315,5.3
H6316,5.7
H6317,
H6318,4.8
H6319,5.9
H6320,5.3
H6321,
H6322,5.9
H6323,
H6324,4.1
H6325,3.1
H6326,5.9
H6327,5.6
H6328,2.6
H6329,6.0
H6330,5.8
H6331,6.0
H6332,
H6333,4.3
H6334,5.3
H6335,4.5
H6336,4.0
H6337,
H6338,7.3
H6339,4.3
H6340,6.7
H6341,
H6342,7.4
H6343,4.2
H6344,
H6345,5.6
H6346,6.7
H6347,4.4
H6348,6.3
H6349,7.3
H6350,
H6351,
H6352,7.2
H6353,7.3
H6354,5.9
H6355,6.2
H6356,
H6357,3.9
H6358,
H6359,6.4
H6360,6.4
H6361,4.8
H6362,5.9
H6363,5.8
H6364,
H6365,4.8
H6366,5.7
H6367,6.1
H6368,
H6369,
H6370,
H6371,4.9
H6372,4.9
H6373,
H6374,5.7
H6375,4.8
H6376,3.5
H6377,5.4
H6378,7.0
H6379,
H6380,5.4
H6381,4.8
H6382,4.8
H6383,2.6
H6384,4.9
H6385,5.5
H6386,4.4
H6387,4.9
H6388,4.3
H6389,6.1
H6390,5.3
H6391,5.2
H6392,7.3
H6393,
H6394,6.2
H6395,4.1
H6396,5.1
H6397,
H6398,
H6399,4.6
H6400,6.0
H6401,4.2
H6402,4.0
H6403,3.5
H6404,4.5
H6405,
H6406,6.2
H6407,6.6
H6408,6.8
H6409,3.8
H6410,
H6411,5.2
H6412,3.4
H6413,2.9
H6414,3.7
H6415,6.6
H6416,4.3
H6417,
H6418,5.0
H6419,
H6420,
H6421,
H6422,
H6423,6.8
H6424,5.6
H6425,4.4
H6426,
H6427,5.9
H6428,6.6
H6429,
H6430,4.4
H6431,4.8
H6432,4.7
H6433,7.2
H6434,4.6
H6435,
H6436,5.4
H6437,7.0
H6438,
H6439,6.4
H6440,
H6441,
H6442,4.5
H6443,
H6444,6.2
H6445,
H6446,4.3
H6447,7.4
H6448,4.2
H6449,4.7
H6450,4.8
H6451,8.2
H6452,6.1
H6453,7.0
H6454,
H6455,5.4
H6456,5.3
H6457,6.0
H6458,
H6459,7.5
H6460,6.6
H6461,
H6462,4.8
H6463,6.7
H6464,5.6
H6465,
H6466,6.4
H6467,
H6468,
H6469,7.3
H6470,6.3
H6471,6.4
H6472,4.5
H6473,6.9
H6474,6.8
H6475,4.3
H6476,5.5
H6477,5.9
H6478,4.4
H6479,
H6480,5.4
H6481,
H6482,5.3
H6483,3.2
H6484,3.9
H6485,
H6486,5.7
H6487,5.1
H6488,5.3
H6489,
H6490,4.7
H6491,4.9
H6492,4.1
H6493,4.8
H6494,7.8
H6495,
H6496,
H6497,4.0
H6498,5.1
H6499,
H6500,5.0
H6501,4.1
H6502,
H6503,
H6504,4.7
H6505,7.4
H6506,
H6507,4.5
H6508,6.2
H6509,4.6
H6510,6.5
H6511,4.9
H6512,7.4
H6513,5.5
H6514,4.3
H6515,5.5
H6516,
H6517,4.6
H6518,5.8
H6519,5.9
H6520,4.6
H6521,5.5
H6522,7.6
H6523,7.7
H6524,4.9
H6525,7.1
H6526,7.5
H6527,5.6
H6528,4.6
H6529,
H6530,5.9
H6531,4.8
H6532,3.6
H6533,5.7
H6534,6.6
H6535,4.4
H6536,4.8
H6537,
H6538,
H6539,
H6540,6.2
H6541,7.1
H6542,4.8
H6543,3.9
H6544,6.2
H6545,
H6546,5.6
H6547,4.6
H6548,
H6549,3.5
H6550,5.3
H6551,6.6
H6552,
H6553,6.8
H6554,6.1
H6555,7.3
H6556,4.7
H6557,6.7
H6558,5.4
H6559,
H6560,
H6561,
H6562,
H6563,5.2
H6564,5.5
H6565,5.7
H6566,
H6567,
H6568,5.6
H6569,4.7
H6570,5.7
H6571,
H6572,4.9
H6573,5.5
H6574,3.2
H6575,4.4
H6576,
H6577,4.8
H6578,6.6
H6579,5.7
H6580,5.6
H6581,6.2
H6582,6.5
H6583,3.7
H6584,5.2
H6585,4.4
H6586,
H6587,5.9
H6588,
H6589,7.4
H6590,4.6
H6591,6.9
H6592,5.1
H6593,
H6594,
H6595,3.7
H6596,4.6
H6597,5.3
H6598,
H6599,4.2
H6600,3.6
H6601,5.0
H6602,7.4
H6603,3.8
H6604,6.4
H6605,5.0
H6606,
H6607,4.4
H6608,3.9
H6609,4.9
H6610,4.5
H6611,
H6612,
H6613,6.2
H6614,
H6615,4.5
H6616,4.1
H6617,
H6618,6.7
H6619,
H6620,5.6
H6621,3.3
H6622,
H6623,7.1
H6624,5.8
H6625,4.0
H6626,5.4
H6627,5.9
H6628,8.1
H6629,
H6630,5.7
H6631,
H6632,6.6
H6633,4.2
H6634,
H6635,
H6636,5.3
H6637,6.4
H6638,6.5
H6639,5.3
H6640,5.8
H6641,4.5
H6642,5.4
H6643,4.3
H6644,5.3
H6645,6.0
H6646,4.6
H6647,3.9
H6648,4.1
H6649,3.8
H6650,6.6
H6651,5.3
H6652,4.6
H6653,
H6654,6.3
H6655,5.0
H6656,4.1
H6657,3.0
H6658,5.9
H6659,5.8
H6660,6.6
H6661,7.0
H6662,
H6663,5.7
H6664,
H6665,4.3
H6666,4.5
H6667,
H6668,6.9
H6669,7.3
H6670,6.7
H6671,4.6
H6672,
H6673,7.6
H6674,4.9
H6675,4.7
H6676,6.6
H6677,7.2
H6678,5.6
H6679,7.3
H6680,6.1
H6681,5.2
H6682,3.8
H6683,5.5
H6684,5.8
H6685,
H6686,7.3
H6687,5.0
H6688,4.4
H6689,
H6690,4.2
H6691,6.3
H6692,
H6693,4.9
H6694,4.4
H6695,
H6696,6.5
H6697,5.5
H6698,5.7
H6699,5.1
H6700,4.9
H6701,
H6702,
H6703,6.8
H6704,4.5
H6705,5.6
H6706,
H6707,4.7
H6708,
H6709,5.1
H6710,2.9
H6711,4.2
H6712,
H6713,
H6714,5.1
H6715,6.9
H6716,
H6717,4.0
H6718,3.7
H6719,6.9
H6720,4.2
H6721,
H6722,5.9
H6723,3.5
H6724,5.5
H6725,4.0
H6726,3.4
H6727,4.1
H6728,7.0
H6729,4.0
H6730,3.8
H6731,
H6732,
H6733,7.5
H6734,5.8
H6735,
H6736,
H6737,5.5
H6738,
H6739,3.5
H6740,7.6
H6741,5.1
H6742,5.1
H6743,
H6744,6.1
H6745,
H6746,5.4
H6747,
H6748,3.7
H6749,
H6750,5.7
H6751,7.5
H6752,5.7
H6753,7.4
H6754,5.2
H6755,
H6756,
H6757,4.3
H6758,5.4
H6759,4.9
H6760,
H6761,
H6762,
H6763,3.5
H6764,
H6765,5.9
H6766,
H6767,
H6768,6.6
H6769,8.2
H6770,5.9
H6771,3.9
H6772,3.9
H6773,
H6774,7.0
H6775,7.4
H6776,4.8
H6777,4.9
H6778,4.1
H6779,6.4
H6780,4.1
H6781,5.7
H6782,3.9
H6783,6.1
H6784,4.1
H6785,
H6786,4.9
H6787,
H6788,3.9
H6789,5.0
H6790,
H6791,3.5
H6792,4.0
H6793,5.8
H6794,5.8
H6795,3.7
H6796,6.4
H6797,4.7
H6798,4.7
H6799,4.8
H6800,3.5
H6801,4.1
H6802,5.5
H6803,
H6804,5.9
H6805,5.9
H6806,5.8
H6807,5.2
H6808,
H6809,4.3
H6810,
H6811,
H6812,
H6813,4.8
H6814,5.9
H6815,
H6816,3.9
H6817,3.7
H6818,7.1
H6819,5.3
H6820,4.7
H6821,
H6822,
H6823,
H6824,
H6825,6.8
H6826,4.2
H6827,5.1
H6828,3.0
H6829,5.8
H6830,5.7
H6831,
H6832,
H6833,7.8
H6834,6.2
H6835,5.0
H6836,4.2
H6837,6.0
H6838,
H6839,4.9
H6840,7.1
H6841,4.1
H6842,4.5
H6843,5.2
H6844,5.8
H6845,
H6846,6.3
H6847,5.2
H6848,3.6
H6849,
H6850,6.0
H6851,
H6852,
H6853,8.1
H6854,4.8
H6855,6.8
H6856,
H6857,4.1
H6858,4.8
H6859,3.5
H6860,6.8
H6861,4.9
H6862,4.1
H6863,5.1
H6864,
H6865,4.7
H6866,7.1
H6867,4.3
H6868,5.1
H6869,4.7
H6870,4.8
H6871,5.1
H6872,7.0
H6873,4.9
H6874,4.8
H6875,4.6
H6876,5.6
H6877,4.6
H6878,
H6879,4.1
H6880,5.6
H6881,
H6882,4.7
H6883,5.9
H6884,6.1
H6885,4.9
H6886,6.5
H6887,5.5
H6888,6.1
H6889,5.7
H6890,6.0
H6891,
H6892,
H6893,
H6894,5.7
H6895,5.7
H6896,5.2
H6897,5.8
H6898,4.0
H6899,5.0
H6900,4.9
H6901,4.1
H6902,4.8
H6903,5.4
H6904,4.5
H6905,5.9
H6906,6.6
H6907,5.2
H6908,3.9
H6909,5.5
H6910,4.5
H6911,5.4
H6912,
H6913,
H6914,5.4
H6915,
H6916,5.9
H6917,3.7
H6918,3.6
H6919,
H6920,6.4
H6921,3.1
H6922,3.7
H6923,4.2
H6924,
H6925,5.9
H6926,3.4
H6927,4.4
H6928,
H6929,
H6930,5.1
H6931,6.1
H6932,5.7
H6933,5.5
H6934,
H6935,5.5
H6936,7.0
H6937,7.3
H6938,4.9
H6939,
H6940,7.0
H6941,
H6942,4.5
H6943,4.4
H6944,5.5
H6945,5.3
H6946,
H6947,4.8
H6948,
H6949,
H6950,4.9
H6951,4.2
H6952,
H6953,
H6954,6.4
H6955,4.0
H6956,8.4
H6957,
H6958,5.1
H6959,3.7
H6960,
H6961,6.9
H6962,6.9
H6963,4.7
H6964,
H6965,
H6966,6.7
H6967,5.2
H6968,5.2
H6969,6.8
H6970,6.8
H6971,5.2
H6972,4.8
H6973,6.4
H6974,7.9
H6975,5.4
H6976,
H6977,4.6
H6978,6.1
H6979,4.6
H6980,
H6981,3.4
H6982,3.0
H6983,4.4
H6984,5.7
H6985,3.4
H6986,6.2
H6987,
H6988,5.9
H6989,3.9
H6990,5.5
H6991,
H6992,5.2
H6993,3.3
H6994,
H6995,6.6
H6996,7.3
H6997,5.2
H6998,4.6
H6999,5.4
H7000,7.8
H7001,3.7
H7002,6.2
H7003,
H7004,4.3
H7005,
H7006,5.3
H7007,
H7008,
H7009,5.5
H7010,6.7
H7011,
H7012,5.7
H7013,
H7014,
H7015,5.6
H7016,
H7017,5.0
H7018,5.9
H7019,
H7020,4.2
H7021,6.7
H7022,5.8
H7023,
H7024,4.9
H7025,
H7026,3.6
H7027,
H7028,
H7029,
H7030,
H7031,
H7032,3.0
H7033,
H7034,5.8
H7035,
H7036,4.5
H7037,4.7
H7038,3.1
H7039,5.2
H7040,3.6
H7041,4.9
H7042,3.9
H7043,5.4
H7044,4.6
H7045,4.6
H7046,7.6
H7047,
H7048,
H7049,6.7
H7050,4.0
H7051,6.3
H7052,6.4
H7053,6.8
H7054,6.7
H7055,4.8
H7056,5.6
H7057,3.1
H7058,
H7059,
H7060,5.2
H7061,5.9
H7062,8.4
H7063,
H7064,5.7
H7065,5.6
H7066,
H7067,5.0
H7068,5.1
H7069,2.5
H7070,4.3
H7071,6.6
H7072,5.6
H7073,5.0
H7074,6.9
H7075,
H7076,
H7077,4.4
H7078,5.9
H7079,7.8
H7080,
H7081,4.0
H7082,5.3
H7083,6.7
H7084,6.4
H7085,7.7
H7086,
H7087,5.4
H7088,
H7089,4.5
H7090,4.6
H7091,4.2
H7092,
H7093,
H7094,5.0
H7095,3.2
H7096,5.2
H7097,
H7098,
H7099,5.7
H7100,6.2
H7101,7.5
H7102,4.7
H7103,6.2
H7104,5.3
H7105,
H7106,3.7
H7107,
H7108,
H7109,
H7110,5.0
H7111,
H7112,4.2
H7113,4.6
H7114,4.7
H7115,
H7116,2.9
H7117,
H7118,3.1
H7119,4.9
H7120,5.7
H7121,5.5
H7122,
H7123,
H7124,4.3
H7125,5.3
H7126,
H7127,
H7128,4.8
H7129,4.1
H7130,6.9
H7131,
H7132,6.2
H7133,5.6
H7134,
H7135,4.9
H7136,5.0
H7137,5.3
H7138,5.8
H7139,4.6
H7140,
H7141,
H7142,4.0
H7143,5.3
H7144,6.4
H7145,
H7146,7.0
H7147,3.1
H7148,5.5
H7149,5.2
H7150,5.0
H7151,
H7152,6.4
H7153,5.7
H7154,
H7155,5.0
H7156,4.0
H7157,5.7
H7158,
H7159,4.4
H7160,6.5
H7161,
H7162,5.8
H7163,
H7164,
H7165,
H7166,
H7167,5.1
H7168,4.7
H7169,
H7170,7.3
H7171,5.6
H7172,5.2
H7173,4.2
H7174,3.7
H7175,4.9
H7176,
H7177,4.2
H7178,3.7
H7179,6.4
H7180,7.0
H7181,5.7
H7182,
H7183,
H7184,6.0
H7185,
H7186,4.9
H7187,
H7188,5.1
H7189,
H7190,5.1
H7191,3.4
H7192,5.4
H7193,
H7194,4.1
H7195,5.4
H7196,
H7197,
H7198,
H7199,3.9
H7200,6.4
H7201,4.4
H7202,4.2
H7203,3.7
H7204,3.6
H7205,
H7206,4.7
H7207,6.0
H7208,5.5
H7209,5.5
H7210,6.6
H7211,
H7212,
H7213,3.1
H7214,
H7215,7.8
H7216,
H7217,7.7
H7218,6.6
H7219,4.5
H7220,6.8
H7221,4.3
H7222,3.6
H7223,5.2
H7224,
H7225,
H7226,3.5
H7227,
H7228,5.6
H7229,5.7
H7230,4.6
H7231,7.3
H7232,
H7233,5.1
H7234,3.5
H7235,
H7236,4.5
H7237,4.6
H7238,
H7239,5.8
H7240,5.5
H7241,4.1
H7242,3.4
H7243,5.9
H7244,6.3
H7245,6.9
H7246,4.8
H7247,5.2
H7248,4.4
H7249,
H7250,
H7251,
H7252,7.4
H7253,6.3
H7254,3.1
H7255,3.9
H7256,4.8
H7257,4.2
H7258,6.6
H7259,4.8
H7260,4.0
H7261,7.4
H7262,5.8
H7263,3.2
H7264,3.6
H7265,
H7266,4.0
H7267,5.1
H7268,
H7269,4.4
H7270,3.6
H7271,3.8
H7272,4.6
H7273,5.0
H7274,
H7275,
H7276,5.0
H7277,
H7278,4.7
H7279,2.9
H7280,5.2
H7281,4.4
H7282,4.8
H7283,
H7284,5.5
H7285,4.2
H7286,5.7
H7287,3.5
H7288,3.6
H7289,
H7290,
H7291,
H7292,4.6
H7293,
H7294,5.6
H7295,5.4
H7296,7.4
H7297,
H7298,
H7299,6.0
H7300,7.8
H7301,
H7302,
H7303,
H7304,
H7305,4.6
H7306,5.3
H7307,4.8
H7308,3.6
H7309,5.8
H7310,5.1
H7311,4.9
H7312,6.3
H7313,
H7314,
H7315,4.3
H7316,4.3
H7317,4.8
H7318,3.7
H7319,7.2
H7320,
H7321,
H7322,5.2
H7323,6.8
H7324,
H7325,5.6
H7326,
H7327,
H7328,3.5
H7329,5.3
H7330,5.0
H7331,5.3
H7332,
H7333,3.8
H7334,4.0
H7335,4.0
H7336,
H7337,6.1
H7338,6.2
H7339,4.5
H7340,3.8
H7341,5.0
H7342,5.7
H7343,4.7
H7344,
H7345,
H7346,
H7347,3.6
H7348,6.9
H7349,4.6
H7350,4.8
H7351,4.2
H7352,5.2
H7353,6.5
H7354,5.5
H7355,6.9
H7356,
H7357,4.4
H7358,4.4
H7359,4.7
H7360,5.1
H7361,5.8
H7362,6.3
H7363,5.0
H7364,
H7365,
H7366,4.8
H7367,5.8
H7368,5.1
H7369,5.4
H7370,4.9
H7371,5.3
H7372,5.1
H7373,
H7374,5.1
H7375,
H7376,3.3
H7377,4.7
H7378,
H7379,5.0
H7380,5.3
H7381,5.3
H7382,4.9
H7383,5.4
H7384,5.3
H7385,6.0
H7386,
H7387,5.6
H7388,4.9
H7389,4.5
H7390,4.6
H7391,3.1
H7392,5.2
H7393,1.9
H7394,4.6
H7395,
H7396,5.4
H7397,5.9
H7398,
H7399,5.6
H7400,
H7401,5.3
H7402,4.3
H7403,6.1
H7404,4.7
H7405,5.0
H7406,6.2
H7407,
H7408,3.0
H7409,3.3
H7410,
H7411,4.2
H7412,3.6
H7413,6.2
H7414,4.8
H7415,4.9
H7416,6.7
H7417,4.3
H7418,
H7419,
H7420,3.3
H7421,
H7422,5.4
H7423,4.2
H7424,5.9
H7425,2.7
H7426,
H7427,
H7428,5.1
H7429,6.3
H7430,6.9
H7431,5.9
H7432,
H7433,
H7434,5.8
H7435,2.9
H7436,4.2
H7437,7.8
H7438,5.3
H7439,7.9
H7440,
H7441,7.2
H7442,5.5
H7443,
H7444,3.6
H7445,4.4
H7446,7.6
H7447,5.9
H7448,6.3
H7449,6.1
H7450,5.6
H7451,6.6
H7452,6.0
H7453,5.4
H7454,5.5
H7455,4.2
H7456,
H7457,4.6
H7458,4.7
H7459,4.7
H7460,5.7
H7461,3.3
H7462,4.7
H7463,
H7464,5.7
H7465,4.6
H7466,5.2
H7467,
H7468,5.4
H7469,5.0
H7470,6.7
H7471,5.6
H7472,
H7473,4.1
H7474,5.4
H7475,6.6
H7476,4.5
H7477,4.0
H7478,3.5
H7479,
H7480,2.8
H7481,5.8
H7482,4.8
H7483,4.8
H7484,4.6
H7485,5.5
H7486,5.0
H7487,5.7
H7488,3.3
H7489,5.0
H7490,
H7491,
H7492,3.2
H7493,5.0
H7494,5.5
H7495,5.8
H7496,5.3
H7497,
H7498,3.7
H7499,4.5
H7500,3.8
H7501,5.6
H7502,5.2
H7503,4.0
H7504,6.8
H7505,4.9
H7506,3.3
H7507,5.9
H7508,
H7509,6.1
H7510,5.5
H7511,5.0
H7512,6.4
H7513,6.3
H7514,5.2
H7515,3.4
H7516,4.3
H7517,
H7518,5.1
H7519,6.3
H7520,
H7521,5.2
H7522,4.9
H7523,5.8
H7524,5.0
H7525,6.2
H7526,4.9
H7527,4.3
H7528,
H7529,
H7530,4.8
H7531,5.5
H7532,
H7533,3.0
H7534,3.8
H7535,5.3
H7536,
H7537,6.1
H7538,6.1
H7539,4.3
H7540,4.7
H7541,5.2
H7542,7.8
H7543,
H7544,3.4
H7545,
H7546,3.2
H7547,
H7548,5.6
H7549,5.5
H7550,7.5
H7551,5.4
H7552,5.4
H7553,4.8
H7554,7.5
H7555,
H7556,3.9
H7557,3.7
H7558,5.5
H7559,5.4
H7560,
H7561,6.6
H7562,4.7
H7563,6.0
H7564,5.7
H7565,4.7
H7566,
H7567,4.8
H7568,7.0
H7569,4.6
H7570,6.0
H7571,
H7572,4.2
H7573,3.8
H7574,
H7575,5.4
H7576,5.4
H7577,7.0
H7578,3.3
H7579,5.1
H7580,6.4
H7581,6.6
H7582,5.0
H7583,3.2
H7584,4.1
H7585,4.6
H7586,
H7587,3.3
H7588,2.7
H7589,
H7590,4.2
H7591,5.9
H7592,
H7593,
H7594,
H7595,5.1
H7596,3.2
H7597,6.3
H7598,4.2
H7599,5.8
H7600,5.0
H7601,4.8
H7602,6.2
H7603,5.1
H7604,5.6
H7605,5.5
H7606,
H7607,
H7608,6.2
H7609,
H7610,4.3
H7611,3.8
H7612,5.3
H7613,3.5
H7614,5.8
H7615,5.7
H7616,
H7617,
H7618,5.1
H7619,6.0
H7620,4.2
H7621,4.6
H7622,3.5
H7623,4.2
H7624,4.4
H7625,3.3
H7626,
H7627,5.1
H7628,6.1
H7629,5.4
H7630,
H7631,
H7632,6.7
H7633,4.1
H7634,6.4
H7635,
H7636,4.3
H7637,5.4
H7638,3.9
H7639,5.6
H7640,
H7641,5.6
H7642,4.1
H7643,5.2
H7644,5.9
H7645,
H7646,5.4
H7647,
H7648,7.0
H7649,6.3
H7650,3.9
H7651,3.4
H7652,4.0
H7653,
H7654,4.5
H7655,7.4
H7656,6.5
H7657,4.4
H7658,3.9
H7659,5.9
H7660,5.2
H7661,6.5
H7662,5.5
H7663,5.3
H7664,4.0
H7665,4.5
H7666,7.0
H7667,4.1
H7668,6.6
H7669,5.9
H7670,5.4
H7671,4.1
H7672,6.7
H7673,6.7
H7674,
H7675,5.4
H7676,3.9
H7677,4.1
H7678,
H7679,6.2
H7680,7.0
H7681,4.8
H7682,
H7683,4.5
H7684,
H7685,4.3
H7686,5.1
H7687,5.5
H7688,4.4
H7689,4.0
H7690,3.3
H7691,4.0
H7692,6.2
H7693,
H7694,
H7695,4.1
H7696,4.6
H7697,
H7698,4.7
H7699,
H7700,5.1
H7701,6.5
H7702,
H7703,5.8
H7704,4.4
H7705,4.0
H7706,3.9
H7707,4.4
H7708,
H7709,6.6
H7710,6.4
H7711,5.2
H7712,
H7713,4.7
H7714,4.6
H7715,4.9
H7716,6.7
H7717,
H7718,4.0
H7719,4.6
H7720,3.9
H7721,
H7722,5.3
H7723,
H7724,6.8
H7725,
H7726,6.4
H7727,4.0
H7728,5.1
H7729,
H7730,
H7731,5.7
H7732,
H7733,5.5
H7734,4.9
H7735,4.4
H7736,4.3
H7737,
H7738,5.5
H7739,
H7740,
H7741,
H7742,4.8
H7743,4.6
H7744,
H7745,5.6
H7746,5.8
H7747,7.1
H7748,
H7749,5.4
H7750,5.9
H7751,6.3
H7752,6.6
H7753,4.1
H7754,4.5
H7755,3.3
H7756,3.8
H7757,5.4
H7758,5.5
H7759,5.1
H7760,
H7761,5.6
H7762,5.9
H7763,6.3
H7764,
H7765,5.2
H7766,4.6
H7767,5.9
H7768,3.9
H7769,6.1
H7770,4.1
H7771,
H7772,7.2
H7773,3.9
H7774,4.9
H7775,6.0
H7776,
H7777,5.9
H7778,
H7779,
H7780,4.2
H7781,
H7782,3.9
H7783,
H7784,6.0
H7785,5.3
H7786,
H7787,
H7788,4.6
H7789,3.1
H7790,5.2
H7791,
H7792,5.4
H7793,5.1
H7794,
H7795,4.9
H7796,
H7797,
H7798,4.9
H7799,4.8
H7800,4.8
H7801,5.4
H7802,
H7803,7.1
H7804,3.8
H7805,5.8
H7806,4.1
H7807,4.1
H7808,4.1
H7809,
H7810,4.8
H7811,
H7812,
H7813,7.4
H7814,6.5
H7815,
H7816,
H7817,4.8
H7818,5.3
H7819,4.2
H7820,
H7821,4.4
H7822,5.2
H7823,4.5
H7824,3.8
H7825,4.4
H7826,4.0
H7827,
H7828,3.5
H7829,4.0
H7830,3.0
H7831,4.9
H7832,4.6
H7833,6.9
H7834,4.9
H7835,
H7836,
H7837,5.2
H7838,3.6
H7839,4.5
H7840,6.2
H7841,5.8
H7842,
H7843,
H7844,2.9
H7845,
H7846,7.3
H7847,5.1
H7848,4.1
H7849,4.9
H7850,4.6
H7851,5.4
H7852,6.6
H7853,4.5
H7854,
H7855,5.0
H7856,4.2
H7857,
H7858,5.2
H7859,4.7
H7860,5.8
H7861,6.4
H7862,4.9
H7863,4.3
H7864,
H7865,
H7866,
H7867,
H7868,
H7869,4.4
H7870,4.7
H7871,
H7872,
H7873,6.3
H7874,7.0
H7875,4.6
H7876,6.9
H7877,6.0
H7878,
H7879,
H7880,5.4
H7881,
H7882,4.4
H7883,6.1
H7884,3.8
H7885,6.2
H7886,5.4
H7887,4.7
H7888,5.2
H7889,6.8
H7890,3.1
H7891,3.6
H7892,4.6
H7893,3.7
H7894,4.8
H7895,5.3
H7896,4.6
H7897,
H7898,5.1
H7899,3.1
H7900,6.4
H7901,4.6
H7902,
H7903,7.2
H7904,
H7905,
H7906,4.1
H7907,5.5
H7908,5.0
H7909,3.6
H7910,3.8
H7911,
H7912,6.2
H7913,
H7914,5.6
H7915,
H7916,3.5
H7917,6.4
H7918,6.5
H7919,
H7920,5.2
H7921,4.1
H7922,7.0
H7923,4.0
H7924,
H7925,
H7926,4.8
H7927,5.2
H7928,
H7929,4.1
H7930,3.4
H7931,
H7932,4.4
H7933,3.7
H7934,6.5
H7935,
H7936,4.0
H7937,5.8
H7938,7.6
H7939,6.3
H7940,3.4
H7941,
H7942,4.6
H7943,2.7
H7944,7.9
H7945,5.9
H7946,4.4
H7947,5.4
H7948,5.1
H7949,4.1
H7950,3.6
H7951,
H7952,
H7953,5.2
H7954,5.8
H7955,7.4
H7956,
H7957,5.3
H7958,5.5
H7959,
H7960,
H7961,7.1
H7962,
H7963,6.3
H7964,5.1
H7965,6.0
H7966,4.7
H7967,
H7968,3.2
H7969,6.0
H7970,5.7
H7971,5.1
H7972,5.2
H7973,
H7974,
H7975,3.2
H7976,4.4
H7977,5.1
H7978,5.2
H7979,4.6
H7980,4.0
H7981,6.2
H7982,4.7
H7983,5.1
H7984,
H7985,5.7
H7986,5.2
H7987,4.6
H7988,4.5
H7989,7.6
H7990,
H7991,
H7992,6.9
H7993,
H7994,5.2
H7995,
H7996,5.6
H7997,3.7
H7998,
H7999,4.0
H8000,3.4
H8001,4.2
H8002,4.7
H8003,5.2
H8004,4.4
H8005,5.9
H8006,3.0
H8007,5.5
H8008,3.0
H8009,6.0
H8010,6.8
H8011,
H8012,6.7
H8013,5.1
H8014,
H8015,4.9
H8016,4.3
H8017,5.1
H8018,
H8019,5.0
H8020,3.8
H8021,5.4
H8022,5.6
H8023,
H8024,
H8025,5.7
H8026,7.4
H8027,
H8028,5.9
H8029,4.9
H8030,6.1
H8031,5.6
H8032,
H8033,5.7
H8034,5.3
H8035,
H8036,3.1
H8037,5.0
H8038,
H8039,4.4
H8040,3.7
H8041,4.7
H8042,4.2
H8043,6.1
H8044,4.7
H8045,5.9
H8046,5.4
H8047,7.0
H8048,5.5
H8049,4.8
H8050,4.6
H8051,5.6
H8052,
H8053,
H8054,6.1
H8055,5.6
H8056,6.4
H8057,
H8058,6.0
H8059,
H8060,
H8061,5.4
H8062,5.1
H8063,7.4
H8064,
H8065,
H8066,5.1
H8067,5.1
H8068,7.1
H8069,3.9
H8070,5.4
H8071,6.9
H8072,3.8
H8073,
H8074,6.5
H8075,5.6
H8076,
H8077,5.2
H8078,4.5
H8079,
H8080,4.0
H8081,
H8082,3.6
H8083,
H8084,3.7
H8085,
H8086,
H8087,4.4
H8088,
H8089,5.7
H8090,
H8091,5.5
H8092,
H8093,5.2
H8094,4.0
H8095,
H8096,6.2
H8097,3.7
H8098,4.0
H8099,5.5
H8100,5.1
H8101,6.3
H8102,5.8
H8103,
H8104,5.9
H8105,
H8106,
H8107,
H8108,5.6
H8109,
H8110,5.5
H8111,4.8
H8112,6.1
H8113,5.2
H8114,5.2
H8115,4.5
H8116,5.0
H8117,3.8
H8118,3.5
H8119,5.6
H8120,6.1
H8121,6.5
H8122,5.3
H8123,
H8124,7.0
H8125,5.0
H8126,4.2
H8127,4.9
H8128,4.3
H8129,
H8130,
H8131,6.6
H8132,5.4
H8133,3.9
H8134,6.2
H8135,5.7
H8136,5.6
H8137,3.2
H8138,4.9
H8139,5.7
H8140,
H8141,6.2
H8142,6.4
H8143,
H8144,6.7
H8145,
H8146,5.4
H8147,3.5
H8148,4.9
H8149,4.2
H8150,5.7
H8151,5.0
H8152,5.6
H8153,
H8154,5.6
H8155,5.1
H8156,4.7
H8157,5.9
H8158,
H8159,7.6
H8160,
H8161,4.6
H8162,3.9
H8163,4.0
H8164,6.0
H8165,
H8166,4.5
H8167,
H8168,4.2
H8169,4.5
H8170,3.1
H8171,7.8
H8172,4.6
H8173,7.4
H8174,
H8175,5.0
H8176,4.5
H8177,3.7
H8178,3.9
H8179,
H8180,4.8
H8181,5.2
H8182,2.6
H8183,6.1
H8184,7.7
H8185,
H8186,2.9
H8187,
H8188,3.1
H8189,5.6
H8190,5.8
H8191,
H8192,
H8193,3.4
H8194,4.4
H8195,3.5
H8196,
H8197,5.4
H8198,5.0
H8199,5.3
H8200,3.8
H8201,
H8202,7.3
H8203,3.0
H8204,
H8205,5.3
H8206,5.3
H8207,5.7
H8208,
H8209,
H8210,
H8211,4.7
H8212,7.3
H8213,
H8214,5.4
H8215,5.2
H8216,
H8217,5.3
H8218,5.1
H8219,4.1
H8220,5.7
H8221,
H8222,
H8223,
H8224,5.5
H8225,7.5
H8226,4.7
H8227,6.5
H8228,4.3
H8229,5.0
H8230,
H8231,3.3
H8232,
H8233,5.0
H8234,4.3
H8235,5.3
H8236,4.0
H8237,5.6
H8238,5.6
H8239,
H8240,
H8241,
H8242,5.7
H8243,
H8244,6.0
H8245,4.1
H8246,4.7
H8247,4.3
H8248,
H8249,4.2
H8250,
H8251,6.8
H8252,5.1
H8253,
H8254,
H8255,3.7
H8256,
H8257,5.8
H8258,5.2
H8259,6.1
H8260,5.5
H8261,5.8
H8262,4.1
H8263,4.1
H8264,4.3
H8265,6.1
H8266,
H8267,4.2
H8268,3.7
H8269,5.6
H8270,4.1
H8271,5.6
H8272,5.6
H8273,
H8274,
H8275,6.5
H8276,6.8
H8277,4.4
H8278,2.7
H8279,
H8280,
H8281,5.3
H8282,
H8283,
H8284,5.1
H8285,5.1
H8286,4.2
H8287,2.8
H8288,4.9
H8289,
H8290,5.5
H8291,5.7
H8292,6.3
H8293,5.5
H8294,
H8295,
H8296,4.4
H8297,4.2
H8298,4.1
H8299,3.6
H8300,5.0
H8301,
H8302,4.6
H8303,4.3
H8304,3.2
H8305,3.7
H8306,5.5
H8307,5.3
H8308,5.9
H8309,3.4
H8310,6.0
H8311,4.1
H8312,
H8313,2.7
H8314,
H8315,
H8316,6.3
H8317,5.5
H8318,7.1
H8319,5.4
H8320,6.7
H8321,5.9
H8322,
H8323,4.8
H8324,5.4
H8325,5.1
H8326,6.1
H8327,3.9
H8328,3.6
H8329,
H8330,5.5
H8331,5.0
H8332,
H8333,6.2
H8334,
H8335,4.6
H8336,
H8337,
H8338,
H8339,4.3
H8340,4.9
H8341,4.9
H8342,5.1
H8343,5.3
H8344,6.1
H8345,
H8346,6.3
H8347,7.7
H8348,4.9
H8349,3.8
H8350,6.2
H8351,5.4
H8352,5.4
H8353,6.3
H8354,5.9
H8355,3.8
H8356,4.6
H8357,6.3
H8358,6.1
H8359,4.3
H8360,
H8361,
H8362,4.7
H8363,
H8364,
H8365,
H8366,4.0
H8367,4.1
H8368,3.9
H8369,5.0
H8370,5.8
H8371,
H8372,5.8
H8373,
H8374,3.5
H8375,6.8
H8376,
H8377,
H8378,3.6
H8379,3.9
H8380,4.2
H8381,
H8382,6.3
H8383,5.0
H8384,5.3
H8385,
H8386,
H8387,5.5
H8388,
H8389,4.9
H8390,5.6
H8391,6.7
H8392,4.3
H8393,
H8394,4.6
H8395,
H8396,
H8397,4.2
H8398,5.5
H8399,
H8400,
H8401,
H8402,4.1
H8403,
H8404,6.0
H8405,4.0
H8406,
H8407,
H8408,
H8409,8.2
H8410,6.4
H8411,5.5
H8412,3.4
H8413,3.2
H8414,7.6
H8415,4.6
H8416,6.0
H8417,5.4
H8418,4.9
H8419,5.8
H8420,6.1
H8421,6.3
H8422,4.1
H8423,6.1
H8424,6.2
H8425,
H8426,5.7
H8427,7.2
H8428,
H8429,
H8430,4.2
H8431,4.8
H8432,3.1
H8433,4.4
H8434,
H8435,5.2
H8436,
H8437,
H8438,5.4
H8439,6.0
H8440,6.1
H8441,5.0
H8442,4.5
H8443,7.3
H8444,5.4
H8445,
H8446,
H8447,5.7
H8448,
H8449,
H8450,3.8
H8451,
H8452,5.6
H8453,4.9
H8454,3.8
H8455,6.2
H8456,3.8
H8457,
H8458,3.0
H8459,4.8
H8460,5.2
H8461,
H8462,5.7
H8463,
H8464,
H8465,
H8466,3.6
H8467,5.9
H8468,6.1
H8469,5.1
H8470,4.8
H8471,5.6
H8472,5.8
H8473,5.1
H8474,7.3
H8475,7.2
H8476,
H8477,4.6
H8478,4.2
H8479,
H8480,6.1
H8481,4.6
H8482,
H8483,5.3
H8484,8.4
H8485,4.5
H8486,
H8487,5.0
H8488,4.0
H8489,4.7
H8490,
H8491,2.9
H8492,4.2
H8493,
H8494,4.7
H8495,
H8496,5.2
H8497,
H8498,4.4
H8499,4.4
H8500,4.6
H8501,6.4
H8502,
H8503,5.1
H8504,6.2
H8505,
H8506,2.7
H8507,
H8508,4.9
H8509,
H8510,5.0
H8511,6.1
H8512,4.8
H8513,5.9
H8514,5.1
H8515,4.8
H8516,
H8517,4.8
H8518,3.7
H8519,
H8520,
H8521,
H8522,4.9
H8523,3.8
H8524,7.0
H8525,
H8526,4.1
H8527,4.2
H8528,5.7
H8529,
H8530,
H8531,4.6
H8532,4.7
H8533,4.6
H8534,7.8
H8535,
H8536,5.5
H8537,
H8538,3.4
H8539,6.0
H8540,3.6
H8541,4.1
H8542,4.7
H8543,
H8544,4.2
H8545,5.6
H8546,4.3
H8547,6.0
H8548,5.6
H8549,
H8550,5.4
H8551,5.3
H8552,
H8553,6.7
H8554,6.4
H8555,
H8556,5.5
H8557,4.0
H8558,5.4
H8559,3.4
H8560,4.7
H8561,4.6
H8562,6.4
H8563,
H8564,
H8565,7.2
H8566,6.2
H8567,4.0
H8568,
H8569,4.9
H8570,4.3
H8571,
H8572,5.1
H8573,5.2
H8574,5.8
H8575,3.9
H8576,5.3
H8577,
H8578,4.5
H8579,4.9
H8580,6.4
H8581,6.4
H8582,3.6
H8583,6.0
H8584,
H8585,7.7
H8586,3.5
H8587,2.9
H8588,3.0
H8589,4.8
H8590,5.3
H8591,5.3
H8592,
H8593,3.9
H8594,
H8595,3.7
H8596,
H8597,4.9
H8598,4.2
H8599,
H8600,4.1
H8601,4.9
H8602,3.7
H8603,6.0
H8604,5.9
H8605,7.9
H8606,6.7
H8607,4.9
H8608,3.7
H8609,5.4
H8610,7.2
H8611,
H8612,4.9
H8613,3.0
H8614,6.2
H8615,6.3
H8616,5.5
H8617,5.0
H8618,6.2
H8619,
H8620,4.5
H8621,4.1
H8622,4.2
H8623,3.4
H8624,5.8
H8625,4.2
H8626,
H8627,
H8628,4.9
H8629,5.0
H8630,
H8631,
H8632,4.8
H8633,5.2
H8634,
H8635,7.6
H8636,4.4
H8637,
H8638,5.9
H8639,
H8640,
H8641,2.4
H8642,5.6
H8643,6.4
H8644,4.3
H8645,4.2
H8646,3.0
H8647,5.9
H8648,6.8
H8649,7.3
H8650,
H8651,5.8
H8652,
H8653,4.6
H8654,
H8655,4.5
H8656,5.6
H8657,
H8658,7.0
H8659,4.1
H8660,
H8661,5.2
H8662,5.6
H8663,4.8
H8664,3.2
H8665,5.2
H8666,6.2
H8667,5.4
H8668,3.7
H8669,4.4
H8670,
H8671,4.0
H8672,3.2
H8673,4.6
H8674,4.6
H8675,5.1
H8676,
H8677,2.8
H8678,2.7
H8679,4.7
H8680,5.2
H8681,4.2
H8682,5.6
H8683,3.9
H8684,
H8685,
H8686,
H8687,4.9
H8688,5.9
H8689,4.0
H8690,5.3
H8691,5.4
H8692,
H8693,4.0
H8694,3.9
H8695,4.1
H8696,5.7
H8697,
H8698,6.5
H8699,
H8700,
H8701,
H8702,5.2
H8703,5.8
H8704,
H8705,
H8706,6.4
H8707,5.2
H8708,
H8709,3.0
H8710,2.5
H8711,4.0
H8712,5.6
H8713,
H8714,6.4
H8715,
H8716,7.8
H8717,
H8718,4.6
H8719,
H8720,
H8721,5.5
H8722,5.6
H8723,
H8724,4.8
H8725,6.4
H8726,4.5
H8727,6.3
H8728,5.4
H8729,6.5
H8730,4.3
H8731,5.8
H8732,
H8733,5.0
H8734,
H8735,4.6
H8736,
H8737,5.6
H8738,
H8739,4.3
H8740,5.2
H8741,4.5
H8742,5.6
H8743,
H8744,5.2
H8745,6.2
H8746,
H8747,
H8748,5.4
H8749,3.7
H8750,
H8751,4.5
H8752,6.9
H8753,
H8754,5.3
H8755,4.6
H8756,
H8757,4.3
H8758,5.0
H8759,
H8760,6.4
H8761,
H8762,
H8763,5.0
H8764,4.3
H8765,2.8
H8766,5.3
H8767,
H8768,5.5
H8769,
H8770,5.9
H8771,6.4
H8772,5.0
H8773,4.9
H8774,6.2
H8775,3.4
H8776,
H8777,6.6
H8778,4.6
H8779,5.2
H8780,7.3
H8781,5.4
H8782,6.2
H8783,5.8
H8784,4.9
H8785,6.5
H8786,
H8787,
H8788,
H8789,
H8790,6.9
H8791,
H8792,
H8793,4.6
H8794,3.5
H8795,
H8796,
H8797,4.6
H8798,
H8799,
H8800,4.3
H8801,
H8802,
H8803,5.3
H8804,4.1
H8805,6.2
H8806,3.9
H8807,5.2
H8808,4.2
H8809,4.7
H8810,
H8811,5.5
H8812,
H8813,5.4
H8814,
H8815,5.5
H8816,4.4
H8817,4.6
H8818,
H8819,6.3
H8820,
H8821,4.4
H8822,4.2
H8823,
H8824,5.4
H8825,7.5
H8826,6.7
H8827,6.3
H8828,3.8
H8829,4.4
H8830,
H8831,
H8832,
H8833,5.6
H8834,4.1
H8835,
H8836,
H8837,
H8838,
H8839,3.1
H8840,
H8841,4.3
H8842,
H8843,6.3
H8844,6.4
H8845,5.6
H8846,4.3
H8847,5.7
H8848,4.6
H8849,6.3
H8850,3.9
H8851,5.3
H8852,5.7
H8853,5.0
H8854,3.8
H8855,4.9
H8856,6.1
H8857,2.7
H8858,
H8859,6.5
H8860,5.1
H8861,5.0
H8862,4.9
H8863,5.8
H8864,
H8865,5.8
H8866,4.6
H8867,4.8
H8868,
H8869,6.5
H8870,
H8871,
H8872,5.5
H8873,
H8874,4.0
H8875,
H8876,5.3
H8877,5.4
H8878,3.5
H8879,
H8880,6.5
H8881,
H8882,5.2
H8883,
H8884,3.7
H8885,5.2
H8886,
H8887,
H8888,
H8889,5.9
H8890,4.7
H8891,4.2
H8892,5.0
H8893,
H8894,
H8895,
H8896,6.5
H8897,
H8898,5.9
H8899,
H8900,5.6
H8901,3.7
H8902,4.3
H8903,4.1
H8904,
H8905,7.2
H8906,4.3
H8907,7.1
H8908,3.8
H8909,6.9
H8910,4.4
H8911,6.5
H8912,5.4
H8913,5.0
H8914,
H8915,
H8916,
H8917,3.3
H8918,6.0
H8919,4.1
H8920,4.0
H8921,3.5
H8922,5.3
H8923,3.9
H8924,3.4
H8925,4.9
H8926,4.2
H8927,4.1
H8928,
H8929,6.1
H8930,5.9
H8931,6.2
H8932,3.7
H8933,
H8934,3.5
H8935,4.3
H8936,6.8
H8937,4.9
H8938,4.8
H8939,6.5
H8940,
H8941,5.9
H8942,3.5
H8943,7.4
H8944,4.9
H8945,3.9
H8946,
H8947,
H8948,4.6
H8949,5.0
H8950,3.7
H8951,
H8952,6.0
H8953,
H8954,5.0
H8955,5.3
H8956,5.3
H8957,6.3
H8958,5.5
H8959,
H8960,
H8961,5.0
H8962,4.7
H8963,4.7
H8964,4.3
H8965,6.5
H8966,5.3
H8967,
H8968,6.6
H8969,4.5
H8970,
H8971,4.7
H8972,4.9
H8973,
H8974,
H8975,
H8976,3.0
H8977,6.6
H8978,6.2
H8979,5.1
H8980,5.8
H8981,
H8982,6.4
H8983,4.9
H8984,4.2
H8985,
H8986,4.7
H8987,3.7
H8988,4.1
H8989,5.9
H8990,5.2
H8991,
H8992,
H8993,3.9
H8994,2.8
H8995,5.2
H8996,2.8
H8997,
H8998,5.1
H8999,3.5
H9000,4.0
H9001,
H9002,5.5
H9003,4.0
H9004,4.1
H9005,
H9006,3.9
H9007,4.5
H9008,4.7
H9009,4.0
H9010,4.1
H9011,
H9012,2.8
H9013,6.7
H9014,
H9015,5.5
H9016,
H9017,
H9018,
H9019,
H9020,4.7
H9021,3.5
H9022,
H9023,4.4
H9024,
H9025,4.6
H9026,
H9027,3.2
H9028,
H9029,
H9030,
H9031,4.0
H9032,6.2
H9033,4.8
H9034,
H9035,4.3
H9036,
H9037,2.7
H9038,3.8
H9039,4.8
H9040,3.2
H9041,
H9042,5.8
H9043,5.8
H9044,
H9045,4.3
H9046,3.8
H9047,5.9
H9048,4.5
H9049,
H9050,5.0
H9051,5.4
H9052,4.6
H9053,5.6
H9054,
H9055,5.3
H9056,
H9057,
H9058,6.4
H9059,
H9060,
H9061,5.1
H9062,
H9063,
H9064,
H9065,4.0
H9066,6.3
H9067,5.2
H9068,
H9069,
H9070,3.6
H9071,5.3
H9072,6.8
H9073,3.9
H9074,2.9
H9075,3.8
H9076,5.6
H9077,
H9078,
H9079,4.5
H9080,4.6
H9081,6.0
H9082,5.2
H9083,5.3
H9084,5.4
H9085,3.5
H9086,5.0
H9087,7.2
H9088,5.8
H9089,3.0
H9090,
H9091,
H9092,5.0
H9093,5.2
H9094,4.1
H9095,5.8
H9096,5.0
H9097,5.0
H9098,4.9
H9099,4.5
H9100,4.0
H9101,3.4
H9102,6.0
H9103,3.9
H9104,5.4
H9105,
H9106,5.2
H9107,2.9
H9108,4.3
H9109,5.6
H9110,
H9111,
H9112,
H9113,
H9114,4.0
H9115,5.1
H9116,4.5
H9117,
H9118,
H9119,
H9120,
H9121,2.9
H9122,5.6
H9123,5.5
H9124,3.1
H9125,3.4
H9126,6.7
H9127,5.6
H9128,
H9129,4.5
H9130,6.9
H9131,4.7
H9132,
H9133,5.2
H9134,
H9135,4.9
H9136,
H9137,5.7
H9138,
H9139,
H9140,4.8
H9141,4.5
H9142,6.4
H9143,
H9144,4.8
H9145,4.5
H9146,
H9147,4.0
H9148,6.3
H9149,4.9
H9150,
H9151,
H9152,4.3
H9153,4.6
H9154,
H9155,7.5
H9156,6.8
H9157,4.4
H9158,4.1
H9159,2.6
H9160,5.0
H9161,6.0
H9162,5.1
H9163,5.1
H9164,
H9165,4.9
H9166,5.4
H9167,6.5
H9168,5.5
H9169,7.0
H9170,
H9171,4.7
H9172,
H9173,4.2
H9174,5.7
H9175,2.9
H9176,
H9177,
H9178,4.6
H9179,6.3
H9180,5.0
H9181,5.0
H9182,4.9
H9183,
H9184,4.9
H9185,5.0
H9186,4.6
H9187,
H9188,5.6
H9189,6.2
H9190,4.7
H9191,3.5
H9192,4.7
H9193,
H9194,7.2
H9195,5.9
H9196,3.9
H9197,4.1
H9198,4.8
H9199,5.0
H9200,6.6
H9201,
H9202,4.9
H9203,4.6
H9204,5.7
H9205,4.7
H9206,
H9207,5.5
H9208,
H9209,7.2
H9210,
H9211,5.4
H9212,6.1
H9213,6.3
H9214,5.5
H9215,4.6
H9216,6.1
H9217,
H9218,3.8
H9219,5.5
H9220,7.0
H9221,4.3
H9222,4.5
H9223,5.4
H9224,5.4
H9225,4.1
H9226,
H9227,7.2
H9228,5.6
H9229,
H9230,6.4
H9231,
H9232,
H9233,5.0
H9234,4.2
H9235,4.2
H9236,
H9237,6.7
H9238,
H9239,
H9240,
H9241,
H9242,
H9243,
H9244,
H9245,5.0
H9246,
H9247,4.4
H9248,4.7
H9249,
H9250,
H9251,6.6
H9252,4.4
H9253,5.4
H9254,6.9
H9255,6.1
H9256,5.8
H9257,4.4
H9258,
H9259,4.6
H9260,3.8
H9261,
H9262,6.2
H9263,6.8
H9264,
H9265,
H9266,
H9267,5.8
H9268,4.2
H9269,7.3
H9270,4.3
H9271,4.3
H9272,2.5
H9273,3.6
H9274,4.6
H9275,5.5
H9276,
H9277,
H9278,5.1
H9279,3.6
H9280,3.7
H9281,5.0
H9282,4.4
H9283,5.8
H9284,3.1
H9285,3.2
H9286,4.0
H9287,
H9288,4.6
H9289,
H9290,5.6
H9291,
H9292,
H9293,
H9294,
H9295,4.2
H9296,5.0
H9297,4.8
H9298,4.7
H9299,5.2
H9300,4.7
H9301,4.8
H9302,5.1
H9303,5.7
H9304,
H9305,
H9306,4.6
H9307,4.0
H9308,3.9
H9309,3.9
H9310,5.6
H9311,5.6
H9312,
H9313,7.0
H9314,3.3
H9315,4.8
H9316,3.9
H9317,
H9318,5.8
H9319,
H9320,4.7
H9321,4.6
H9322,
H9323,
H9324,4.7
H9325,
H9326,
H9327,
H9328,4.3
H9329,4.1
H9330,4.2
H9331,4.1
H9332,
H9333,2.0
H9334,6.1
H9335,4.1
H9336,5.1
H9337,5.9
H9338,
H9339,6.4
H9340,
H9341,5.1
H9342,6.1
H9343,6.2
H9344,6.2
H9345,6.8
H9346,
H9347,4.8
H9348,3.9
H9349,
H9350,5.0
H9351,
H9352,4.1
H9353,3.6
H9354,
H9355,
H9356,5.9
H9357,4.7
H9358,5.4
H9359,
H9360,6.0
H9361,5.5
H9362,
H9363,5.2
H9364,5.1
H9365,3.9
H9366,5.3
H9367,5.5
H9368,
H9369,3.9
H9370,4.5
H9371,3.8
H9372,3.4
H9373,
H9374,5.4
H9375,6.0
H9376,6.2
H9377,
H9378,5.5
H9379,3.4
H9380,4.7
H9381,5.6
H9382,5.2
H9383,4.5
H9384,4.5
H9385,
H9386,
H9387,
H9388,4.9
H9389,5.2
H9390,
H9391,6.3
H9392,
H9393,4.7
H9394,3.5
H9395,
H9396,
H9397,
H9398,4.3
H9399,
H9400,
H9401,6.2
H9402,6.6
H9403,6.5
H9404,4.6
H9405,
H9406,4.3
H9407,
H9408,5.0
H9409,6.0
H9410,4.6
H9411,4.8
H9412,6.2
H9413,6.0
H9414,
H9415,
H9416,
H9417,5.3
H9418,
H9419,5.6
H9420,5.7
H9421,4.7
H9422,
H9423,4.2
H9424,4.9
H9425,7.2
H9426,6.2
H9427,5.0
H9428,5.8
H9429,7.5
H9430,
H9431,7.1
H9432,6.4
H9433,4.3
H9434,4.4
H9435,5.0
H9436,
H9437,5.4
H9438,6.1
H9439,4.9
H9440,2.6
H9441,7.1
H9442,4.2
H9443,4.6
H9444,5.9
H9445,4.1
H9446,
H9447,4.7
H9448,4.5
H9449,5.5
H9450,5.3
H9451,
H9452,7.4
H9453,4.9
H9454,
H9455,4.1
H9456,5.7
H9457,
H9458,
H9459,6.7
H9460,
H9461,2.2
H9462,4.0
H9463,
H9464,
H9465,
H9466,4.8
H9467,4.3
H9468,
H9469,6.8
H9470,4.8
H9471,5.5
H9472,5.2
H9473,
H9474,
H9475,5.5
H9476,3.4
H9477,3.9
H9478,6.5
H9479,
H9480,4.7
H9481,5.9
H9482,5.2
H9483,
H9484,6.3
H9485,7.0
H9486,7.3
H9487,5.1
H9488,
H9489,
H9490,6.4
H9491,4.7
H9492,
H9493,4.6
H9494,
H9495,3.8
H9496,7.5
H9497,
H9498,4.7
H9499,
H9500,4.0
H9501,4.6
H9502,4.7
H9503,6.8
H9504,5.3
H9505,5.3
H9506,
H9507,
H9508,5.8
H9509,2.7
H9510,
H9511,7.0
H9512,6.4
H9513,6.8
H9514,3.4
H9515,3.3
H9516,5.7
H9517,5.5
H9518,5.8
H9519,4.6
H9520,5.0
H9521,5.3
H9522,4.0
H9523,4.0
H9524,7.3
H9525,4.2
H9526,
H9527,
H9528,5.1
H9529,
H9530,5.7
H9531,
H9532,
H9533,
H9534,
H9535,5.7
H9536,
H9537,5.3
H9538,
H9539,3.2
H9540,5.3
H9541,3.3
H9542,5.8
H9543,5.7
H9544,6.3
H9545,
H9546,4.6
H9547,
H9548,5.9
H9549,5.6
H9550,5.4
H9551,3.9
H9552,4.3
H9553,
H9554,3.6
H9555,7.5
H9556,3.7
H9557,5.9
H9558,2.9
H9559,
H9560,
H9561,6.6
H9562,4.2
H9563,2.9
H9564,5.2
H9565,4.0
H9566,
H9567,
H9568,6.4
H9569,5.2
H9570,6.0
H9571,4.2
H9572,5.8
H9573,6.2
H9574,
H9575,4.6
H9576,5.1
H9577,
H9578,3.8
H9579,4.7
H9580,4.6
H9581,6.5
H9582,
H9583,
H9584,4.4
H9585,4.5
H9586,6.3
H9587,5.4
H9588,6.5
H9589,
H9590,3.4
H9591,5.4
H9592,6.0
H9593,3.0
H9594,6.9
H9595,5.1
H9596,
H9597,6.0
H9598,
H9599,3.3
H9600,3.9
H9601,
H9602,6.2
H9603,5.5
H9604,5.9
H9605,
H9606,6.9
H9607,3.5
H9608,2.3
H9609,6.0
H9610,5.1
H9611,4.0
H9612,6.0
H9613,
H9614,
H9615,3.2
H9616,8.0
H9617,
H9618,
H9619,4.7
H9620,4.6
H9621,5.6
H9622,7.9
H9623,4.3
H9624,
H9625,4.1
H9626,5.9
H9627,
H9628,5.5
H9629,6.0
H9630,3.7
H9631,
H9632,6.3
H9633,4.7
H9634,3.4
H9635,3.9
H9636,4.7
H9637,4.5
H9638,6.4
H9639,
H9640,
H9641,3.9
H9642,6.9
H9643,4.6
H9644,5.4
H9645,
H9646,
H9647,5.8
H9648,5.1
H9649,5.1
H9650,3.8
H9651,4.7
H9652,
H9653,8.3
H9654,3.8
H9655,5.0
H9656,5.1
H9657,
H9658,5.6
H9659,
H9660,5.1
H9661,6.5
H9662,4.8
H9663,3.4
H9664,6.2
H9665,
H9666,2.9
H9667,
H9668,6.7
H9669,5.0
H9670,
H9671,
H9672,4.3
H9673,
H9674,
H9675,6.2
H9676,
H9677,6.4
H9678,2.4
H9679,4.6
H9680,
H9681,5.5
H9682,4.9
H9683,
H9684,4.4
H9685,5.5
H9686,4.1
H9687,5.1
H9688,
H9689,5.5
H9690,5.3
H9691,4.0
H9692,5.5
H9693,
H9694,5.9
H9695,
H9696,6.5
H9697,
H9698,
H9699,5.5
H9700,5.0
H9701,
H9702,4.8
H9703,3.8
H9704,5.8
H9705,7.1
H9706,
H9707,
H9708,4.4
H9709,6.1
H9710,
H9711,5.6
H9712,5.4
H9713,5.1
H9714,7.0
H9715,
H9716,4.1
H9717,5.1
H9718,
H9719,5.7
H9720,4.0
H9721,
H9722,4.1
H9723,5.6
H9724,6.1
H9725,4.5
H9726,6.1
H9727,
H9728,7.8
H9729,
H9730,4.5
H9731,5.4
H9732,6.2
H9733,5.4
H9734,6.7
H9735,4.1
H9736,5.3
H9737,6.5
H9738,
H9739,5.9
H9740,6.0
H9741,4.3
H9742,5.9
H9743,
H9744,
H9745,
H9746,5.0
H9747,
H9748,4.7
H9749,5.5
H9750,4.8
H9751,6.1
H9752,5.0
H9753,5.0
H9754,5.7
H9755,4.0
H9756,
H9757,3.4
H9758,4.4
H9759,
H9760,5.6
H9761,4.5
H9762,6.0
H9763,5.1
H9764,4.6
H9765,4.0
H9766,
H9767,
H9768,5.5
H9769,5.2
H9770,
H9771,5.3
H9772,7.2
H9773,
H9774,4.1
H9775,
H9776,3.8
H9777,6.4
H9778,5.9
H9779,4.0
H9780,5.3
H9781,3.6
H9782,4.6
H9783,4.9
H9784,
H9785,6.4
H9786,3.3
H9787,
H9788,3.9
H9789,
H9790,6.3
H9791,4.3
H9792,5.0
H9793,4.3
H9794,
H9795,6.0
H9796,4.8
H9797,4.8
H9798,6.1
H9799,6.9
H9800,7.3
H9801,
H9802,5.1
H9803,5.9
H9804,3.6
H9805,6.7
H9806,5.5
H9807,5.5
H9808,5.1
H9809,
H9810,5.7
H9811,5.1
H9812,7.6
H9813,4.2
H9814,4.8
H9815,4.9
H9816,4.5
H9817,5.4
H9818,4.1
H9819,6.7
H9820,4.6
H9821,
H9822,6.9
H9823,6.5
H9824,5.1
H9825,5.9
H9826,
H9827,5.3
H9828,
H9829,
H9830,
H9831,4.1
H9832,5.1
H9833,4.6
H9834,
H9835,4.6
H9836,4.2
H9837,4.4
H9838,3.5
H9839,
H9840,3.8
H9841,
H9842,6.6
H9843,
H9844,5.0
H9845,4.9
H9846,
H9847,
H9848,4.3
H9849,4.7
H9850,3.8
H9851,
H9852,5.3
H9853,5.1
H9854,5.9
H9855,6.7
H9856,
H9857,
H9858,5.5
H9859,5.3
H9860,5.6
H9861,3.6
H9862,
H9863,4.5
H9864,3.4
H9865,3.6
H9866,
H9867,4.2
H9868,3.7
H9869,6.9
H9870,6.6
H9871,
H9872,
H9873,5.2
H9874,5.8
H9875,4.7
H9876,
H9877,
H9878,
H9879,5.6
H9880,4.8
H9881,
H9882,5.6
H9883,5.4
H9884,
H9885,3.1
H9886,6.2
H9887,4.8
H9888,5.3
H9889,4.7
H9890,4.2
H9891,4.7
H9892,3.5
H9893,5.2
H9894,
H9895,6.1
H9896,5.1
H9897,2.9
H9898,
H9899,5.2
H9900,4.9
H9901,2.2
H9902,
H9903,6.6
H9904,
H9905,
H9906,3.7
H9907,
H9908,3.7
H9909,5.8
H9910,5.0
H9911,
H9912,7.0
H9913,
H9914,7.9
H9915,3.8
H9916,5.1
H9917,4.9
H9918,5.4
H9919,
H9920,4.6
H9921,6.6
H9922,4.9
H9923,6.2
H9924,7.2
H9925,4.7
H9926,
H9927,
H9928,
H9929,4.6
H9930,5.9
H9931,5.3
H9932,
H9933,5.0
H9934,
H9935,6.9
H9936,4.1
H9937,4.1
H9938,6.3
H9939,3.7
H9940,4.7
H9941,4.9
H9942,5.9
H9943,
H9944,6.4
H9945,
H9946,3.9
H9947,
H9948,5.3
H9949,
H9950,
H9951,4.6
H9952,6.6
H9953,6.7
H9954,5.5
H9955,
H9956,4.9
H9957,5.9
H9958,
H9959,
H9960,
H9961,6.4
H9962,5.7
H9963,4.6
H9964,
H9965,5.8
H9966,7.2
H9967,5.0
H9968,
H9969,
H9970,4.5
H9971,5.9
H9972,
H9973,
H9974,5.4
H9975,5.7
H9976,2.2
H9977,3.7
H9978,
H9979,4.9
H9980,6.0
H9981,
H9982,6.2
H9983,4.3
H9984,
H9985,5.2
H9986,5.8
H9987,
H9988,5.3
H9989,4.2
H9990,
H9991,4.3
H9992,5.5
H9993,5.8
H9994,5.1
H9995,4.1
H9996,6.5
H9997,3.7
H9998,4.6
H9999,5.7
H10000,4.6
