grid_id,lithology,slope_deg,distance_to_river_m,distance_to_road_m,legal_status,distance_to_smelter_km,area_ha,longitude,latitude,region_id,Ni_pct_mean,Fe_pct_mean,Co_pct_mean,MgO_pct_mean,SiO2_pct_mean,mag_mean_nT,mag_std_nT,lith_alluvium,lith_andesite,lith_lahar_deposit,lith_mafic_volcanic_simulated,lith_peridotite_simulated,lith_serpentinite_simulated,lith_tuff,lith_ultramafic_simulated,lith_volcanic_breccia,legal_allowed,legal_conditional,legal_no_go
H001,peridotite_simulated,6.4,330.0,2657.0,allowed,68.0,140.6,127.65,0.35,SW,0.59,21.560000000000002,0.0375,17.98,36.72,44858.1,239.7091988222396,0,0,0,0,1,0,0,0,0,1,0,0
H002,serpentinite_simulated,2.4,303.0,2380.0,allowed,65.8,132.7,127.666,0.35,SW,0.5640000000000001,28.095,0.052500000000000005,2.705,43.675,45441.850000000006,843.6491006336662,0,0,0,0,0,1,0,0,0,1,0,0
H003,ultramafic_simulated,14.9,862.0,1389.0,allowed,63.7,109.3,127.682,0.35,SW,1.359,28.925,0.031,15.275,36.31,44767.600000000006,298.11621894824486,0,0,0,0,0,0,0,1,0,1,0,0
H004,serpentinite_simulated,15.6,756.0,2883.0,allowed,61.8,143.8,127.698,0.35,SW,2.5795,40.114999999999995,0.046,8.63,41.54,46601.0,1099.409623388846,0,0,0,0,0,1,0,0,0,1,0,0
H005,serpentinite_simulated,15.3,773.0,3057.0,allowed,60.1,134.6,127.714,0.35,SW,1.3355000000000001,27.465,0.0505,5.3149999999999995,44.57,45870.55,653.8616405632062,0,0,0,0,0,1,0,0,0,1,0,0
H006,serpentinite_simulated,3.3,341.0,623.0,allowed,58.6,116.7,127.73,0.35,SW,1.3145,30.09,0.049499999999999995,8.77,40.485,45857.3,205.90949468152314,0,0,0,0,0,1,0,0,0,1,0,0
H007,serpentinite_simulated,6.3,1129.0,2374.0,allowed,57.4,136.5,127.746,0.35,SW,0.5820000000000001,35.91,0.0465,11.365,38.065,45679.9,458.26704005415854,0,0,0,0,0,1,0,0,0,1,0,0
H008,serpentinite_simulated,17.8,797.0,2082.0,allowed,56.4,141.1,127.762,0.35,SW,1.1869999999999998,44.07,0.0385,6.62,38.82,46996.43333333333,168.78365837169355,0,0,0,0,0,1,0,0,0,1,0,0
H009,serpentinite_simulated,16.0,432.0,2397.0,no-go,55.8,123.7,127.778,0.35,SW,1.839,32.115,0.05499999999999999,7.43,36.33,46070.96666666667,460.5186460213451,0,0,0,0,0,1,0,0,0,0,0,1
H010,serpentinite_simulated,11.0,374.0,2171.0,allowed,55.4,153.9,127.794,0.35,SW,0.871,33.14,0.054,13.745000000000001,36.705,45639.149999999994,1386.0000018037533,0,0,0,0,0,1,0,0,0,1,0,0
H011,alluvium,3.5,133.0,651.0,allowed,55.4,137.6,127.81,0.35,SE,0.0625,45.215,0.0955,5.68,41.81,43754.9,36.76955262170047,1,0,0,0,0,0,0,0,0,1,0,0
H012,serpentinite_simulated,17.9,673.0,3407.0,allowed,55.8,151.6,127.826,0.35,SE,1.2945,25.935,0.0555,17.175,35.11,46362.95,883.6713444488289,0,0,0,0,0,1,0,0,0,1,0,0
H013,serpentinite_simulated,3.8,567.0,1752.0,conditional,56.4,157.2,127.842,0.35,SE,1.6825,42.915,0.057499999999999996,5.155,38.97,45871.350000000006,446.1136682505913,0,0,0,0,0,1,0,0,0,0,1,0
H014,peridotite_simulated,16.6,1055.0,1255.0,allowed,57.4,138.3,127.858,0.35,SE,1.1135,32.385000000000005,0.039,4.6850000000000005,45.745,44639.666666666664,720.5055331732982,0,0,0,0,1,0,0,0,0,1,0,0
H015,ultramafic_simulated,14.5,674.0,302.0,allowed,58.6,119.4,127.874,0.35,SE,0.7364999999999999,30.82,0.0505,7.355,39.37,44005.1,816.0012254892758,0,0,0,0,0,0,0,1,0,1,0,0
H016,mafic_volcanic_simulated,3.4,624.0,521.0,no-go,60.1,145.6,127.89,0.35,SE,0.391,24.865,0.0525,6.17,50.515,43794.0,989.8080723049313,0,0,0,1,0,0,0,0,0,0,0,1
H017,peridotite_simulated,6.2,1057.0,1654.0,allowed,61.8,112.7,127.906,0.35,SE,0.8765,33.82,0.056499999999999995,14.004999999999999,36.325,44734.75,746.3512075424009,0,0,0,0,1,0,0,0,0,1,0,0
H018,serpentinite_simulated,17.9,808.0,1702.0,allowed,63.7,131.1,127.922,0.35,SE,0.6745,41.58,0.052500000000000005,6.145,34.255,45243.3,814.3041692144245,0,0,0,0,0,1,0,0,0,1,0,0
H019,serpentinite_simulated,5.7,327.0,527.0,allowed,65.8,137.9,127.938,0.35,SE,0.5335,35.364999999999995,0.062,7.1450000000000005,38.120000000000005,46043.35,429.4259482145924,0,0,0,0,0,1,0,0,0,1,0,0
H020,serpentinite_simulated,17.0,720.0,1813.0,allowed,68.0,147.1,127.954,0.35,SE,1.4805,42.480000000000004,0.06,4.390000000000001,32.415,46157.5,1124.865467511562,0,0,0,0,0,1,0,0,0,1,0,0
H021,serpentinite_simulated,8.8,603.0,2633.0,allowed,65.8,140.4,127.65,0.366,SW,1.0750000000000002,31.869999999999997,0.0405,17.235,36.985,46546.75,8.55599205236134,0,0,0,0,0,1,0,0,0,1,0,0
H022,mafic_volcanic_simulated,5.0,582.0,1650.0,allowed,63.5,116.7,127.666,0.366,SW,0.34650000000000003,10.149999999999999,0.009000000000000001,26.025000000000002,49.67,43494.3,632.0120410245305,0,0,0,1,0,0,0,0,0,1,0,0
H023,peridotite_simulated,18.0,1016.0,3401.0,allowed,61.3,155.6,127.682,0.366,SW,0.8515,24.58,0.021,18.155,37.96,44676.5,326.7896571190671,0,0,0,0,1,0,0,0,0,1,0,0
H024,peridotite_simulated,8.4,146.0,1513.0,allowed,59.2,159.1,127.698,0.366,SW,0.368,20.525,0.0245,22.200000000000003,35.445,44976.5,94.32804461028132,0,0,0,0,1,0,0,0,0,1,0,0
H025,peridotite_simulated,17.3,1195.0,2078.0,allowed,57.4,143.1,127.714,0.366,SW,0.6579999999999999,25.4,0.034,9.67,46.885000000000005,44443.55,541.8559264232508,0,0,0,0,1,0,0,0,0,1,0,0
H026,alluvium,10.7,918.0,483.0,allowed,55.8,135.1,127.73,0.366,SW,0.29400000000000004,30.26,0.017499999999999998,2.95,45.73,43241.55,509.6118572011504,1,0,0,0,0,0,0,0,0,1,0,0
H027,serpentinite_simulated,3.3,288.0,2204.0,no-go,54.4,140.5,127.746,0.366,SW,0.968,31.56,0.033,12.754999999999999,32.225,46673.149999999994,455.3060564060215,0,0,0,0,0,1,0,0,0,0,0,1
H028,mafic_volcanic_simulated,11.5,774.0,1642.0,allowed,53.4,135.0,127.762,0.366,SW,0.146,29.724999999999998,0.025,3.645,44.995000000000005,44168.6,65.19524522539763,0,0,0,1,0,0,0,0,0,1,0,0
H029,serpentinite_simulated,5.8,523.0,2449.0,conditional,52.6,118.0,127.778,0.366,SW,0.617,36.015,0.05,8.215,38.945,46548.0,339.2698336133076,0,0,0,0,0,1,0,0,0,0,1,0
H030,serpentinite_simulated,18.0,1196.0,534.0,allowed,52.2,112.8,127.794,0.366,SW,1.183,39.235,0.042499999999999996,7.51,41.875,45882.0,518.0264278972688,0,0,0,0,0,1,0,0,0,1,0,0
H031,ultramafic_simulated,11.8,1186.0,2393.0,conditional,52.2,100.5,127.81,0.366,SE,1.1235,37.58,0.0415,8.07,38.42,44283.05,230.87036405740776,0,0,0,0,0,0,0,1,0,0,1,0
H032,ultramafic_simulated,4.1,209.0,643.0,no-go,52.6,133.2,127.826,0.366,SE,0.6305000000000001,21.725,0.0325,24.225,34.28,44528.4,174.85762780044897,0,0,0,0,0,0,0,1,0,0,0,1
H033,ultramafic_simulated,12.1,376.0,1863.0,allowed,53.4,154.3,127.842,0.366,SE,1.063,31.279999999999998,0.033,12.11,35.315,45167.25,162.56384899478317,0,0,0,0,0,0,0,1,0,1,0,0
H034,serpentinite_simulated,12.2,373.0,2672.0,conditional,54.4,133.1,127.858,0.366,SE,0.7885,38.37,0.041,10.015,37.185,44386.0,55.57859300126675,0,0,0,0,0,1,0,0,0,0,1,0
H035,serpentinite_simulated,16.5,691.0,2971.0,no-go,55.8,135.0,127.874,0.366,SE,0.576,16.08,0.0175,12.629999999999999,39.93,46278.15,1206.6777220948434,0,0,0,0,0,1,0,0,0,0,0,1
H036,serpentinite_simulated,14.7,1044.0,3177.0,no-go,57.4,112.6,127.89,0.366,SE,0.8875,30.215,0.0375,17.66,37.254999999999995,45292.149999999994,1189.9900020588443,0,0,0,0,0,1,0,0,0,0,0,1
H037,ultramafic_simulated,8.5,775.0,795.0,no-go,59.2,155.8,127.906,0.366,SE,1.2005,28.520000000000003,0.0305,12.875,39.5,44056.5,736.6638446401473,0,0,0,0,0,0,0,1,0,0,0,1
H038,ultramafic_simulated,16.0,1042.0,1012.0,allowed,61.3,149.0,127.922,0.366,SE,0.7030000000000001,38.09,0.0455,2.975,42.135,44922.4,1117.0872929185098,0,0,0,0,0,0,0,1,0,1,0,0
H039,ultramafic_simulated,2.4,296.0,1350.0,allowed,63.5,151.9,127.938,0.366,SE,1.3475000000000001,18.25,0.0325,21.340000000000003,37.32,44572.100000000006,494.69190411810507,0,0,0,0,0,0,0,1,0,1,0,0
H040,peridotite_simulated,17.7,681.0,3306.0,allowed,65.8,106.9,127.954,0.366,SE,1.498,31.26,0.027,6.28,46.955,45285.833333333336,365.71029973646006,0,0,0,0,1,0,0,0,0,1,0,0
H041,serpentinite_simulated,13.7,431.0,2240.0,allowed,63.7,130.7,127.65,0.382,SW,0.967,30.494999999999997,0.045000000000000005,3.7,44.605000000000004,45776.0,1207.2292615737906,0,0,0,0,0,1,0,0,0,1,0,0
H042,serpentinite_simulated,2.0,1117.0,2023.0,conditional,61.3,143.2,127.666,0.382,SW,1.705,41.540000000000006,0.0595,4.905,33.445,45391.6,881.7621561396247,0,0,0,0,0,1,0,0,0,0,1,0
H043,serpentinite_simulated,12.6,450.0,1305.0,allowed,58.9,150.9,127.682,0.382,SW,1.3715,37.43,0.059000000000000004,8.455,45.035,46422.45,77.99387796487053,0,0,0,0,0,1,0,0,0,1,0,0
H044,serpentinite_simulated,8.4,411.0,707.0,allowed,56.8,125.2,127.698,0.382,SW,2.3215000000000003,13.81,0.015,15.700000000000001,42.815,45825.5,1371.5043127894317,0,0,0,0,0,1,0,0,0,1,0,0
H045,serpentinite_simulated,2.0,401.0,1676.0,allowed,54.8,134.8,127.714,0.382,SW,1.3725,37.415,0.041999999999999996,10.0,36.339999999999996,45966.55,219.27381284594478,0,0,0,0,0,1,0,0,0,1,0,0
H046,peridotite_simulated,9.6,1089.0,2847.0,allowed,53.0,110.2,127.73,0.382,SW,0.47250000000000003,40.315,0.0285,11.655,38.19,44686.9,222.03152929257593,0,0,0,0,1,0,0,0,0,1,0,0
H047,peridotite_simulated,15.1,921.0,2453.0,allowed,51.5,113.5,127.746,0.382,SW,0.8155,22.61,0.0405,16.555,38.45,45189.85,640.8508757893701,0,0,0,0,1,0,0,0,0,1,0,0
H048,ultramafic_simulated,8.6,785.0,922.0,allowed,50.3,141.8,127.762,0.382,SW,1.126,29.605,0.041,16.495,35.83,44405.15,79.40809152725134,0,0,0,0,0,0,0,1,0,1,0,0
H049,ultramafic_simulated,14.0,942.0,641.0,allowed,49.5,125.5,127.778,0.382,SW,1.0485,20.4,0.033,10.89,41.855000000000004,43845.45,545.5328816854214,0,0,0,0,0,0,0,1,0,1,0,0
H050,serpentinite_simulated,9.3,978.0,2436.0,no-go,49.1,159.3,127.794,0.382,SW,4.247999999999999,31.840000000000003,0.0625,6.805,39.47,45947.65,36.274577874871945,0,0,0,0,0,1,0,0,0,0,0,1
H051,mafic_volcanic_simulated,13.5,645.0,2958.0,conditional,49.1,132.9,127.81,0.382,SE,0.226,36.175,0.037,4.4399999999999995,49.735,43873.8,210.15213536864243,0,0,0,1,0,0,0,0,0,0,1,0
H052,serpentinite_simulated,14.3,664.0,2306.0,conditional,49.5,116.5,127.826,0.382,SE,0.489,18.065,0.022,12.850000000000001,40.075,46195.55,177.55451275593848,0,0,0,0,0,1,0,0,0,0,1,0
H053,serpentinite_simulated,10.6,235.0,1040.0,allowed,50.3,141.6,127.842,0.382,SE,1.354,27.875,0.028,4.05,46.705,45757.2,718.8447537542406,0,0,0,0,0,1,0,0,0,1,0,0
H054,peridotite_simulated,8.7,312.0,1644.0,allowed,51.5,154.3,127.858,0.382,SE,1.0165,34.254999999999995,0.0295,16.695,39.555,45180.2,578.1305042981177,0,0,0,0,1,0,0,0,0,1,0,0
H055,mafic_volcanic_simulated,8.1,87.0,1426.0,conditional,53.0,145.2,127.874,0.382,SE,0.0975,10.72,0.006500000000000001,24.009999999999998,50.705,43525.26666666667,415.212961422611,0,0,0,1,0,0,0,0,0,0,1,0
H056,peridotite_simulated,5.5,326.0,1695.0,conditional,54.8,101.7,127.89,0.382,SE,0.835,36.905,0.0465,10.33,34.96,45303.06666666667,505.3975300031968,0,0,0,0,1,0,0,0,0,0,1,0
H057,peridotite_simulated,9.5,223.0,2291.0,allowed,56.8,101.6,127.906,0.382,SE,0.879,46.0,0.0515,2.8600000000000003,40.555,44445.600000000006,149.62379489906985,0,0,0,0,1,0,0,0,0,1,0,0
H058,serpentinite_simulated,4.2,597.0,461.0,conditional,58.9,122.7,127.922,0.382,SE,0.43,28.310000000000002,0.0365,4.165,46.285,46454.149999999994,349.2400392280343,0,0,0,0,0,1,0,0,0,0,1,0
H059,ultramafic_simulated,14.0,1012.0,1107.0,allowed,61.3,104.9,127.938,0.382,SE,1.4945,29.835,0.043,11.945,31.515,44270.7,459.0537223463123,0,0,0,0,0,0,0,1,0,1,0,0
H060,ultramafic_simulated,17.2,303.0,365.0,conditional,63.7,109.1,127.954,0.382,SE,0.34299999999999997,30.915,0.042499999999999996,15.895,33.019999999999996,43605.95,146.30039302749515,0,0,0,0,0,0,0,1,0,0,1,0
H061,peridotite_simulated,13.2,939.0,837.0,allowed,61.8,136.4,127.65,0.398,SW,1.2665,28.265,0.0415,18.115,38.11,45431.95,470.1552988109339,0,0,0,0,1,0,0,0,0,1,0,0
H062,ultramafic_simulated,3.7,109.0,1298.0,no-go,59.2,140.6,127.666,0.398,SW,1.512,21.83,0.0155,16.04,43.120000000000005,43769.600000000006,394.98984797080703,0,0,0,0,0,0,0,1,0,0,0,1
H063,ultramafic_simulated,13.0,783.0,626.0,allowed,56.8,146.3,127.682,0.398,SW,1.5819999999999999,29.9,0.02,12.565000000000001,34.745,44496.149999999994,198.6262948353048,0,0,0,0,0,0,0,1,0,1,0,0
H064,serpentinite_simulated,14.5,469.0,1671.0,no-go,54.4,122.2,127.698,0.398,SW,1.2125,21.939999999999998,0.0335,13.365,39.555,45932.3,855.4577838794846,0,0,0,0,0,1,0,0,0,0,0,1
H065,ultramafic_simulated,3.7,1156.0,2334.0,no-go,52.2,149.7,127.714,0.398,SW,1.0015,14.28,0.035500000000000004,25.85,34.48,45094.95,179.81725445573338,0,0,0,0,0,0,0,1,0,0,0,1
H066,ultramafic_simulated,6.3,985.0,2022.0,no-go,50.3,129.0,127.73,0.398,SW,0.7435,20.18,0.032,12.715,46.59,44661.45,281.499209590361,0,0,0,0,0,0,0,1,0,0,0,1
H067,serpentinite_simulated,15.3,177.0,3121.0,no-go,48.6,114.6,127.746,0.398,SW,1.092,31.955000000000002,0.027500000000000004,9.455,36.214999999999996,46538.2,197.84847737599034,0,0,0,0,0,1,0,0,0,0,0,1
H068,serpentinite_simulated,15.6,284.0,979.0,allowed,47.3,147.9,127.762,0.398,SW,0.324,29.58,0.056499999999999995,12.995,38.66,45512.65,447.3864604567266,0,0,0,0,0,1,0,0,0,1,0,0
H069,ultramafic_simulated,2.2,1142.0,574.0,allowed,46.3,143.2,127.778,0.398,SW,0.9784999999999999,36.425,0.047,8.53,39.084999999999994,44566.850000000006,920.5823184267698,0,0,0,0,0,0,0,1,0,1,0,0
H070,ultramafic_simulated,9.9,968.0,598.0,conditional,45.9,113.3,127.794,0.398,SW,1.0434999999999999,19.625,0.033,27.75,30.445,44186.399999999994,389.1915723650742,0,0,0,0,0,0,0,1,0,0,1,0
H071,peridotite_simulated,10.5,557.0,2687.0,allowed,45.9,119.8,127.81,0.398,SE,1.552,30.34,0.059500000000000004,7.445,46.605000000000004,44985.1,991.4087300402388,0,0,0,0,1,0,0,0,0,1,0,0
H072,serpentinite_simulated,5.1,214.0,2015.0,allowed,46.3,145.7,127.826,0.398,SE,0.792,15.8,0.0155,17.495,43.94,46064.7,486.91372952505304,0,0,0,0,0,1,0,0,0,1,0,0
H073,peridotite_simulated,17.6,668.0,1206.0,conditional,47.3,106.0,127.842,0.398,SE,0.6679999999999999,42.415000000000006,0.044,1.18,36.254999999999995,44561.7,198.55558415718204,0,0,0,0,1,0,0,0,0,0,1,0
H074,serpentinite_simulated,10.5,387.0,3418.0,allowed,48.6,133.2,127.858,0.398,SE,1.393,26.295,0.0385,16.985,39.099999999999994,46279.93333333333,591.7839160819872,0,0,0,0,0,1,0,0,0,1,0,0
H075,mafic_volcanic_simulated,16.0,723.0,1802.0,allowed,50.3,126.4,127.874,0.398,SE,0.3185,13.879999999999999,0.016,26.185,44.785,43825.1,169.0077217170848,0,0,0,1,0,0,0,0,0,1,0,0
H076,ultramafic_simulated,3.2,785.0,472.0,allowed,52.2,109.0,127.89,0.398,SE,0.856,25.625,0.036000000000000004,20.845,40.879999999999995,44576.65,404.11152544811193,0,0,0,0,0,0,0,1,0,1,0,0
H077,alluvium,14.2,759.0,2830.0,allowed,54.4,113.5,127.906,0.398,SE,0.17350000000000002,28.714999999999996,0.047,5.755,48.805,43416.0,577.8476615856446,1,0,0,0,0,0,0,0,0,1,0,0
H078,peridotite_simulated,17.8,422.0,2287.0,no-go,56.8,136.6,127.922,0.398,SE,0.659,23.59,0.042,15.195,37.96,44932.9,151.62146945601245,0,0,0,0,1,0,0,0,0,0,0,1
H079,ultramafic_simulated,4.8,164.0,309.0,allowed,59.2,127.0,127.938,0.398,SE,0.992,41.42,0.0635,2.155,41.95,44510.45,492.78271580890856,0,0,0,0,0,0,0,1,0,1,0,0
H080,serpentinite_simulated,13.2,589.0,2500.0,conditional,61.8,155.4,127.954,0.398,SE,1.9825,36.675,0.043,8.684999999999999,41.905,45095.25,272.4482427911788,0,0,0,0,0,1,0,0,0,0,1,0
H081,ultramafic_simulated,8.8,690.0,2372.0,no-go,60.1,154.5,127.65,0.414,SW,0.404,18.63,0.02,15.025,43.835,44125.36666666667,158.9029997619104,0,0,0,0,0,0,0,1,0,0,0,1
H082,ultramafic_simulated,6.6,219.0,2504.0,allowed,57.4,142.0,127.666,0.414,SW,1.398,34.535,0.0465,10.735,41.59,44339.55,566.1803996960691,0,0,0,0,0,0,0,1,0,1,0,0
H083,peridotite_simulated,2.6,564.0,1331.0,allowed,54.8,115.0,127.682,0.414,SW,1.766,18.355,0.034,27.33,32.32,44752.7,1027.7089957765265,0,0,0,0,1,0,0,0,0,1,0,0
H084,alluvium,12.8,382.0,429.0,no-go,52.2,145.4,127.698,0.414,SW,0.059,15.31,0.0085,20.96,48.54,42959.75,123.81439738576859,1,0,0,0,0,0,0,0,0,0,0,1
H085,mafic_volcanic_simulated,11.4,791.0,1874.0,allowed,49.9,105.5,127.714,0.414,SW,0.3115,32.91,0.024999999999999998,3.45,44.040000000000006,43787.3,59.114126907191775,0,0,0,1,0,0,0,0,0,1,0,0
H086,ultramafic_simulated,7.3,857.0,1222.0,no-go,47.7,156.7,127.73,0.414,SW,1.411,19.71,0.0345,24.57,33.38,44993.85,282.630580440261,0,0,0,0,0,0,0,1,0,0,0,1
H087,peridotite_simulated,7.2,1167.0,1593.0,allowed,45.9,130.9,127.746,0.414,SW,0.9795,32.16,0.023,16.355,34.405,44775.200000000004,245.858739930069,0,0,0,0,1,0,0,0,0,1,0,0
H088,serpentinite_simulated,14.1,780.0,2732.0,allowed,44.3,112.2,127.762,0.414,SW,1.7385000000000002,30.43,0.038,10.385,35.335,45429.75,1215.0215821128465,0,0,0,0,0,1,0,0,0,1,0,0
H089,peridotite_simulated,3.9,1170.0,2248.0,conditional,43.2,114.4,127.778,0.414,SW,0.758,23.015,0.0245,20.045,39.769999999999996,45117.7,450.2855982595929,0,0,0,0,1,0,0,0,0,0,1,0
H090,peridotite_simulated,17.9,1102.0,1777.0,allowed,42.7,107.0,127.794,0.414,SW,1.7565,23.475,0.03,18.740000000000002,33.18,44329.5,511.5210455103444,0,0,0,0,1,0,0,0,0,1,0,0
H091,ultramafic_simulated,6.4,1015.0,3437.0,allowed,42.7,114.6,127.81,0.414,SE,1.3025,19.7,0.028499999999999998,13.97,36.09,45215.95,117.16759364261658,0,0,0,0,0,0,0,1,0,1,0,0
H092,mafic_volcanic_simulated,16.1,1048.0,1184.0,allowed,43.2,147.4,127.826,0.414,SE,0.10500000000000001,28.78,0.0315,7.01,46.085,43956.05,171.47339443773777,0,0,0,1,0,0,0,0,0,1,0,0
H093,peridotite_simulated,6.5,414.0,2178.0,no-go,44.3,159.9,127.842,0.414,SE,1.5870000000000002,19.119999999999997,0.026500000000000003,16.95,44.265,44156.0,492.2877410620723,0,0,0,0,1,0,0,0,0,0,0,1
H094,peridotite_simulated,10.8,689.0,1757.0,allowed,45.9,119.3,127.858,0.414,SE,0.3585,42.655,0.058499999999999996,5.62,34.2,45361.8,7.7781745930520225,0,0,0,0,1,0,0,0,0,1,0,0
H095,peridotite_simulated,14.4,129.0,2683.0,allowed,47.7,142.3,127.874,0.414,SE,1.513,18.94,0.0215,18.53,48.489999999999995,45053.73333333334,217.99324148545102,0,0,0,0,1,0,0,0,0,1,0,0
H096,ultramafic_simulated,17.7,635.0,418.0,no-go,49.9,130.1,127.89,0.414,SE,1.6235,19.345,0.023,19.205,35.25,45192.850000000006,318.97586899324796,0,0,0,0,0,0,0,1,0,0,0,1
H097,mafic_volcanic_simulated,10.4,592.0,2612.0,allowed,52.2,124.6,127.906,0.414,SE,0.2275,35.03,0.060000000000000005,5.83,46.650000000000006,43962.850000000006,513.9959192444999,0,0,0,1,0,0,0,0,0,1,0,0
H098,peridotite_simulated,7.4,856.0,2379.0,no-go,54.8,151.1,127.922,0.414,SE,0.8694999999999999,20.08,0.0375,22.54,40.81,44380.46666666667,464.23676430602825,0,0,0,0,1,0,0,0,0,0,0,1
H099,ultramafic_simulated,16.0,120.0,519.0,conditional,57.4,137.9,127.938,0.414,SE,1.332,42.285,0.0785,6.61,31.810000000000002,44714.9,429.21381618023435,0,0,0,0,0,0,0,1,0,0,1,0
H100,serpentinite_simulated,16.0,577.0,2521.0,conditional,60.1,154.2,127.954,0.414,SE,0.8674999999999999,29.11,0.049499999999999995,5.0,41.715,46148.45,264.24580412941845,0,0,0,0,0,1,0,0,0,0,1,0
H101,serpentinite_simulated,11.1,968.0,844.0,allowed,58.6,104.7,127.65,0.43,SW,2.504,22.744999999999997,0.051500000000000004,17.45,33.839999999999996,45809.25,780.9994398205417,0,0,0,0,0,1,0,0,0,1,0,0
H102,serpentinite_simulated,4.3,596.0,1113.0,no-go,55.8,115.3,127.666,0.43,SW,0.46449999999999997,24.119999999999997,0.0605,13.43,36.489999999999995,45383.850000000006,246.00244917479833,0,0,0,0,0,1,0,0,0,0,0,1
H103,serpentinite_simulated,12.2,555.0,1100.0,allowed,53.0,150.7,127.682,0.43,SW,0.8055,38.620000000000005,0.042499999999999996,10.629999999999999,33.085,46431.0,528.7744509713023,0,0,0,0,0,1,0,0,0,1,0,0
H104,peridotite_simulated,11.2,724.0,3477.0,allowed,50.3,117.7,127.698,0.43,SW,0.839,28.915,0.05,12.809999999999999,38.565,45442.1,249.60869375885127,0,0,0,0,1,0,0,0,0,1,0,0
H105,ultramafic_simulated,2.8,759.0,1890.0,conditional,47.7,154.2,127.714,0.43,SW,0.436,16.545,0.026000000000000002,20.634999999999998,31.845,44584.75,4.030508652761263,0,0,0,0,0,0,0,1,0,0,1,0
H106,peridotite_simulated,12.2,775.0,2469.0,allowed,45.4,143.3,127.73,0.43,SW,2.13,34.77,0.048,10.455,40.905,44593.9,843.436968599316,0,0,0,0,1,0,0,0,0,1,0,0
H107,peridotite_simulated,12.3,426.0,1711.0,no-go,43.2,134.8,127.746,0.43,SW,1.264,31.14,0.0505,6.295,40.56,44973.1,263.609408026347,0,0,0,0,1,0,0,0,0,0,0,1
H108,serpentinite_simulated,4.8,228.0,2026.0,conditional,41.5,158.3,127.762,0.43,SW,1.5175,30.29,0.0345,4.15,46.9,45538.8,249.32585104637306,0,0,0,0,0,1,0,0,0,0,1,0
H109,ultramafic_simulated,15.2,620.0,2881.0,allowed,40.2,144.8,127.778,0.43,SW,0.6905,38.45,0.049999999999999996,8.33,44.45,44282.0,802.5174951363992,0,0,0,0,0,0,0,1,0,1,0,0
H110,alluvium,17.5,1043.0,2617.0,allowed,39.5,158.8,127.794,0.43,SW,0.111,11.594999999999999,0.017,25.85,48.005,42961.75,174.01897885001347,1,0,0,0,0,0,0,0,0,1,0,0
H111,serpentinite_simulated,9.3,834.0,2451.0,allowed,39.5,135.1,127.81,0.43,SE,1.0975,36.045,0.020999999999999998,8.43,36.51,46392.95,1336.785369833168,0,0,0,0,0,1,0,0,0,1,0,0
H112,serpentinite_simulated,11.0,1105.0,1008.0,no-go,40.2,103.8,127.826,0.43,SE,1.133,34.235,0.042499999999999996,6.275,42.785,46427.8,239.1435133972909,0,0,0,0,0,1,0,0,0,0,0,1
H113,serpentinite_simulated,6.9,632.0,611.0,no-go,41.5,153.2,127.842,0.43,SE,0.6325000000000001,38.455,0.047,11.084999999999999,40.245,45160.95,102.45977259393433,0,0,0,0,0,1,0,0,0,0,0,1
H114,ultramafic_simulated,17.1,549.0,2675.0,conditional,43.2,109.3,127.858,0.43,SE,1.065,38.485,0.0695,4.8149999999999995,35.14,44499.95,82.23651865198981,0,0,0,0,0,0,0,1,0,0,1,0
H115,peridotite_simulated,17.2,117.0,1486.0,allowed,45.4,126.6,127.874,0.43,SE,4.263,41.75,0.05,5.27,39.955,44576.55,705.0561715211029,0,0,0,0,1,0,0,0,0,1,0,0
H116,serpentinite_simulated,5.0,217.0,3014.0,allowed,47.7,127.3,127.89,0.43,SE,1.5855000000000001,32.06,0.0525,14.505,33.66,45626.649999999994,454.0332641998837,0,0,0,0,0,1,0,0,0,1,0,0
H117,peridotite_simulated,14.6,353.0,703.0,allowed,50.3,133.9,127.906,0.43,SE,0.593,34.94,0.051500000000000004,10.465,40.375,45235.06666666667,185.64434635435163,0,0,0,0,1,0,0,0,0,1,0,0
H118,mafic_volcanic_simulated,4.4,1089.0,309.0,allowed,53.0,151.5,127.922,0.43,SE,0.21400000000000002,8.56,0.0075,42.565,44.1,43386.350000000006,496.31824971484133,0,0,0,1,0,0,0,0,0,1,0,0
H119,serpentinite_simulated,12.6,109.0,348.0,allowed,55.8,147.4,127.938,0.43,SE,0.5385,28.44,0.0375,12.440000000000001,39.455,46016.700000000004,581.8508657723202,0,0,0,0,0,1,0,0,0,1,0,0
H120,serpentinite_simulated,13.9,669.0,2686.0,allowed,58.6,128.6,127.954,0.43,SE,1.4225,29.060000000000002,0.031,12.825,45.625,46020.1,239.00209204105306,0,0,0,0,0,1,0,0,0,1,0,0
H121,serpentinite_simulated,17.1,129.0,2806.0,allowed,57.4,152.0,127.65,0.446,SW,0.8140000000000001,35.875,0.048,10.34,38.599999999999994,45250.95,80.25661966467314,0,0,0,0,0,1,0,0,0,1,0,0
H122,alluvium,9.7,530.0,2496.0,allowed,54.4,129.4,127.666,0.446,SW,0.01,27.335,0.055,2.585,46.805,43649.600000000006,375.89796487876504,1,0,0,0,0,0,0,0,0,1,0,0
H123,serpentinite_simulated,12.1,694.0,1341.0,allowed,51.5,159.7,127.682,0.446,SW,1.1320000000000001,31.72,0.036,14.09,37.480000000000004,45691.600000000006,546.310699144723,0,0,0,0,0,1,0,0,0,1,0,0
H124,peridotite_simulated,13.2,1035.0,2383.0,allowed,48.6,146.1,127.698,0.446,SW,1.5045000000000002,26.82,0.032,5.425,45.005,44365.36666666667,641.1214419541237,0,0,0,0,1,0,0,0,0,1,0,0
H125,peridotite_simulated,7.4,588.0,1631.0,allowed,45.9,105.7,127.714,0.446,SW,1.043,39.495000000000005,0.074,5.235,39.175,44807.5,1227.254529427376,0,0,0,0,1,0,0,0,0,1,0,0
H126,serpentinite_simulated,16.8,155.0,2962.0,allowed,43.2,105.6,127.73,0.446,SW,2.0745,27.82,0.048499999999999995,7.38,45.92,45213.8,560.0285706997456,0,0,0,0,0,1,0,0,0,1,0,0
H127,peridotite_simulated,7.3,217.0,1432.0,allowed,40.8,139.9,127.746,0.446,SW,1.5455,30.57,0.0525,4.795,47.755,44611.45,1014.0618348996242,0,0,0,0,1,0,0,0,0,1,0,0
H128,peridotite_simulated,12.5,331.0,646.0,allowed,38.8,150.7,127.762,0.446,SW,0.7045,35.05,0.062,10.485000000000001,35.985,45256.0,797.1921851097096,0,0,0,0,1,0,0,0,0,1,0,0
H129,peridotite_simulated,15.5,1171.0,2919.0,no-go,37.2,136.8,127.778,0.446,SW,1.475,29.285,0.037000000000000005,15.025,37.11,45661.8,108.18733752154178,0,0,0,0,1,0,0,0,0,0,0,1
H130,mafic_volcanic_simulated,6.3,282.0,2549.0,no-go,36.3,118.5,127.794,0.446,SW,0.5,6.015000000000001,0.010499999999999999,42.215,46.0,43411.3,49.21463197058011,0,0,0,1,0,0,0,0,0,0,0,1
H131,peridotite_simulated,12.1,114.0,2688.0,allowed,36.3,112.9,127.81,0.446,SE,1.2485,30.57,0.037000000000000005,10.95,34.72,44270.86666666667,481.22022332122884,0,0,0,0,1,0,0,0,0,1,0,0
H132,serpentinite_simulated,14.4,716.0,572.0,conditional,37.2,103.2,127.826,0.446,SE,0.673,43.715,0.07400000000000001,7.140000000000001,34.935,46428.4,601.8892921459872,0,0,0,0,0,1,0,0,0,0,1,0
H133,ultramafic_simulated,12.6,624.0,1715.0,allowed,38.8,116.4,127.842,0.446,SE,1.7305,41.51,0.0755,6.38,35.36,44137.1,726.9057710597708,0,0,0,0,0,0,0,1,0,1,0,0
H134,peridotite_simulated,12.9,625.0,2435.0,allowed,40.8,102.7,127.858,0.446,SE,0.9555,28.625,0.0445,11.515,33.9,44808.65,1032.5880325667174,0,0,0,0,1,0,0,0,0,1,0,0
H135,serpentinite_simulated,5.4,234.0,1118.0,allowed,43.2,119.7,127.874,0.446,SE,1.1059999999999999,33.62,0.036000000000000004,2.815,45.41,47118.1,287.2267745179736,0,0,0,0,0,1,0,0,0,1,0,0
H136,ultramafic_simulated,15.3,983.0,531.0,allowed,45.9,151.7,127.89,0.446,SE,0.8045,22.564999999999998,0.0385,16.73,36.64,44668.95,93.55022715097972,0,0,0,0,0,0,0,1,0,1,0,0
H137,ultramafic_simulated,3.8,103.0,1339.0,allowed,48.6,148.1,127.906,0.446,SE,1.56,30.955,0.028,4.075,45.155,44346.55,598.7073116306555,0,0,0,0,0,0,0,1,0,1,0,0
H138,mafic_volcanic_simulated,15.5,353.0,2184.0,allowed,51.5,131.4,127.922,0.446,SE,0.1935,22.65,0.0145,23.040000000000003,38.455,43942.850000000006,34.01183617507448,0,0,0,1,0,0,0,0,0,1,0,0
H139,serpentinite_simulated,4.7,652.0,665.0,allowed,54.4,130.6,127.938,0.446,SE,1.3625,25.505,0.038,13.235,43.625,45619.56666666667,585.284378172979,0,0,0,0,0,1,0,0,0,1,0,0
H140,ultramafic_simulated,15.0,345.0,769.0,no-go,57.4,111.8,127.954,0.446,SE,1.202,32.56,0.0235,14.540000000000001,32.745000000000005,45038.5,455.0939243716661,0,0,0,0,0,0,0,1,0,0,0,1
H141,ultramafic_simulated,14.4,633.0,2714.0,allowed,56.4,145.6,127.65,0.462,SW,0.474,24.939999999999998,0.024999999999999998,14.895,40.835,44635.75,1138.0883643197483,0,0,0,0,0,0,0,1,0,1,0,0
H142,peridotite_simulated,12.0,1048.0,2307.0,conditional,53.4,109.1,127.666,0.462,SW,0.687,24.335,0.0165,15.469999999999999,38.98,44553.5,505.01566312343016,0,0,0,0,1,0,0,0,0,0,1,0
H143,serpentinite_simulated,2.9,648.0,1293.0,allowed,50.3,127.1,127.682,0.462,SW,1.807,29.47,0.0395,3.965,46.129999999999995,45545.45,1207.3848288760298,0,0,0,0,0,1,0,0,0,1,0,0
H144,peridotite_simulated,10.9,967.0,3167.0,allowed,47.3,127.0,127.698,0.462,SW,2.1025,21.32,0.04,7.8999999999999995,40.144999999999996,44796.35,147.99744930234647,0,0,0,0,1,0,0,0,0,1,0,0
H145,serpentinite_simulated,4.4,149.0,631.0,allowed,44.3,153.9,127.714,0.462,SW,1.0955,33.58,0.0565,7.8,42.86,45837.5,690.1362184380704,0,0,0,0,0,1,0,0,0,1,0,0
H146,peridotite_simulated,6.0,570.0,1706.0,allowed,41.5,131.4,127.73,0.462,SW,0.943,14.245000000000001,0.026000000000000002,10.145000000000001,37.379999999999995,44399.6,19.940411229458583,0,0,0,0,1,0,0,0,0,1,0,0
H147,serpentinite_simulated,7.4,750.0,2826.0,allowed,38.8,138.8,127.746,0.462,SW,1.792,23.545,0.0365,7.385,45.105000000000004,46587.05,199.47482297272146,0,0,0,0,0,1,0,0,0,1,0,0
H148,ultramafic_simulated,16.5,1058.0,1367.0,conditional,36.3,135.0,127.762,0.462,SW,0.9550000000000001,32.945,0.032,9.52,38.745000000000005,44348.75,713.8242956078197,0,0,0,0,0,0,0,1,0,0,1,0
H149,alluvium,8.3,746.0,3302.0,conditional,34.3,118.6,127.778,0.462,SW,0.3535,27.29,0.015,4.915,46.515,43642.600000000006,285.38829688689214,1,0,0,0,0,0,0,0,0,0,1,0
H150,ultramafic_simulated,15.3,907.0,2493.0,conditional,33.2,131.6,127.794,0.462,SW,1.4714999999999998,34.5,0.053000000000000005,13.265,35.41,44667.6,671.0443353460336,0,0,0,0,0,0,0,1,0,0,1,0
H151,serpentinite_simulated,4.9,320.0,3333.0,allowed,33.2,129.2,127.81,0.462,SE,1.4849999999999999,34.075,0.063,16.1,33.655,45029.25,311.9048011813902,0,0,0,0,0,1,0,0,0,1,0,0
H152,serpentinite_simulated,3.6,943.0,2972.0,no-go,34.3,153.0,127.826,0.462,SE,0.927,29.830000000000002,0.068,16.0,38.315,45141.95,499.14667683958237,0,0,0,0,0,1,0,0,0,0,0,1
H153,ultramafic_simulated,8.0,262.0,2960.0,allowed,36.3,146.3,127.842,0.462,SE,1.4315,34.2,0.039,11.305,41.915,44518.1,320.17795052127076,0,0,0,0,0,0,0,1,0,1,0,0
H154,peridotite_simulated,12.8,346.0,1721.0,allowed,38.8,117.1,127.858,0.462,SE,1.5385,33.795,0.0595,18.45,37.459999999999994,44443.899999999994,162.35171696043284,0,0,0,0,1,0,0,0,0,1,0,0
H155,peridotite_simulated,14.9,605.0,2972.0,allowed,41.5,122.1,127.874,0.462,SE,1.0285,44.75,0.056999999999999995,6.275,40.53,45003.6,730.5827263219388,0,0,0,0,1,0,0,0,0,1,0,0
H156,serpentinite_simulated,17.5,995.0,2864.0,allowed,44.3,108.3,127.89,0.462,SE,0.5705,28.44,0.0555,6.075,38.215,45458.75,917.4710485895454,0,0,0,0,0,1,0,0,0,1,0,0
H157,mafic_volcanic_simulated,3.6,1027.0,3024.0,allowed,47.3,117.1,127.906,0.462,SE,0.191,23.39,0.011,3.83,53.14,43505.95,19.86970055134353,0,0,0,1,0,0,0,0,0,1,0,0
H158,mafic_volcanic_simulated,9.0,1140.0,1011.0,allowed,50.3,127.1,127.922,0.462,SE,0.163,35.46,0.027,3.805,50.345,43702.5,137.17871555019022,0,0,0,1,0,0,0,0,0,1,0,0
H159,serpentinite_simulated,5.8,1194.0,1500.0,allowed,53.4,101.7,127.938,0.462,SE,1.7565,29.854999999999997,0.0225,13.875,38.11,45659.6,768.1638301820798,0,0,0,0,0,1,0,0,0,1,0,0
H160,serpentinite_simulated,15.3,860.0,744.0,allowed,56.4,142.3,127.954,0.462,SE,1.129,20.73,0.0225,19.11,44.59,44698.3,485.6409373189152,0,0,0,0,0,1,0,0,0,1,0,0
H161,serpentinite_simulated,15.4,695.0,2627.0,allowed,55.8,131.7,127.65,0.478,SW,0.766,26.935000000000002,0.054000000000000006,6.4,47.7,45887.5,20.930360723125922,0,0,0,0,0,1,0,0,0,1,0,0
H162,serpentinite_simulated,8.7,969.0,1763.0,allowed,52.6,106.7,127.666,0.478,SW,2.2569999999999997,29.615000000000002,0.03,4.095,48.474999999999994,45988.4,214.39477605575914,0,0,0,0,0,1,0,0,0,1,0,0
H163,serpentinite_simulated,5.9,241.0,1674.0,allowed,49.5,136.9,127.682,0.478,SW,0.9105,30.405,0.033,1.8800000000000001,41.84,45857.43333333333,964.6379441704228,0,0,0,0,0,1,0,0,0,1,0,0
H164,ultramafic_simulated,17.6,156.0,1983.0,allowed,46.3,130.4,127.698,0.478,SW,1.072,24.805,0.022,5.63,50.195,44934.63333333333,789.92481498769,0,0,0,0,0,0,0,1,0,1,0,0
H165,peridotite_simulated,6.1,98.0,2823.0,no-go,43.2,120.7,127.714,0.478,SW,1.6695,22.525,0.0415,21.509999999999998,35.025,45225.2,190.63598820789477,0,0,0,0,1,0,0,0,0,0,0,1
H166,ultramafic_simulated,7.3,130.0,2047.0,conditional,40.2,148.8,127.73,0.478,SW,0.866,21.93,0.0435,17.134999999999998,40.614999999999995,43891.899999999994,678.3982458703773,0,0,0,0,0,0,0,1,0,0,1,0
H167,peridotite_simulated,3.0,949.0,1765.0,no-go,37.2,117.6,127.746,0.478,SW,3.2,34.989999999999995,0.05,10.675,34.03,44985.8,588.8785273721511,0,0,0,0,1,0,0,0,0,0,0,1
H168,peridotite_simulated,14.1,294.0,1442.0,allowed,34.3,146.9,127.762,0.478,SW,1.7715,17.6,0.026,13.82,49.135,44422.8,286.37824638055173,0,0,0,0,1,0,0,0,0,1,0,0
H169,serpentinite_simulated,16.2,913.0,3163.0,allowed,31.8,123.2,127.778,0.478,SW,3.005,27.32,0.048,13.29,43.275000000000006,46570.5,16.97056274847714,0,0,0,0,0,1,0,0,0,1,0,0
H170,peridotite_simulated,10.3,977.0,2627.0,no-go,30.1,104.7,127.794,0.478,SW,1.9785,31.32,0.043,13.675,41.79,44265.4,363.4445349706048,0,0,0,0,1,0,0,0,0,0,0,1
H171,peridotite_simulated,3.3,820.0,1281.0,allowed,30.1,136.2,127.81,0.478,SE,1.2045,26.55,0.0425,15.08,35.915,44994.46666666667,379.6015849984448,0,0,0,0,1,0,0,0,0,1,0,0
H172,serpentinite_simulated,15.9,475.0,3494.0,allowed,31.8,116.5,127.826,0.478,SE,0.6705000000000001,24.075000000000003,0.031,15.260000000000002,42.42,45935.149999999994,58.7605735165985,0,0,0,0,0,1,0,0,0,1,0,0
H173,serpentinite_simulated,12.9,1147.0,757.0,no-go,34.3,136.5,127.842,0.478,SE,1.1949999999999998,20.72,0.0395,22.295,32.269999999999996,45401.399999999994,9.475230867898194,0,0,0,0,0,1,0,0,0,0,0,1
H174,peridotite_simulated,12.9,1143.0,1490.0,conditional,37.2,145.8,127.858,0.478,SE,1.3599999999999999,22.175,0.0245,24.19,34.175,45048.23333333334,346.88629741362826,0,0,0,0,1,0,0,0,0,0,1,0
H175,serpentinite_simulated,6.0,207.0,2654.0,conditional,40.2,129.9,127.874,0.478,SE,1.3250000000000002,22.415,0.023,17.935000000000002,43.375,45241.05,739.2801397305354,0,0,0,0,0,1,0,0,0,0,1,0
H176,serpentinite_simulated,9.1,1196.0,1214.0,allowed,43.2,155.0,127.89,0.478,SE,1.1065,26.305,0.048,14.370000000000001,35.285,45881.3,1928.4216136519528,0,0,0,0,0,1,0,0,0,1,0,0
H177,mafic_volcanic_simulated,16.4,579.0,581.0,allowed,46.3,140.9,127.906,0.478,SE,0.1385,36.605000000000004,0.038,3.7800000000000002,44.58,44023.35,622.0418354098038,0,0,0,1,0,0,0,0,0,1,0,0
H178,serpentinite_simulated,10.7,1078.0,3024.0,allowed,49.5,142.7,127.922,0.478,SE,1.854,20.975,0.0345,23.055,35.185,45846.55,205.41451993469207,0,0,0,0,0,1,0,0,0,1,0,0
H179,serpentinite_simulated,4.2,965.0,384.0,allowed,52.6,133.2,127.938,0.478,SE,0.6605000000000001,42.15,0.04,2.835,38.129999999999995,46679.55,699.9650026965619,0,0,0,0,0,1,0,0,0,1,0,0
H180,peridotite_simulated,3.4,426.0,3499.0,conditional,55.8,143.1,127.954,0.478,SE,1.1755,18.884999999999998,0.029,19.715,40.705,45641.86666666667,183.79320807182785,0,0,0,0,1,0,0,0,0,0,1,0
H181,ultramafic_simulated,17.6,799.0,1740.0,allowed,55.4,140.8,127.65,0.494,SW,0.46499999999999997,43.36,0.026000000000000002,3.715,38.605000000000004,45050.6,757.3113626507924,0,0,0,0,0,0,0,1,0,1,0,0
H182,ultramafic_simulated,4.9,1162.0,1684.0,conditional,52.2,154.6,127.666,0.494,SW,0.7809999999999999,34.8,0.059,9.11,33.975,44806.7,579.5447178604959,0,0,0,0,0,0,0,1,0,0,1,0
H183,serpentinite_simulated,7.5,1134.0,3164.0,conditional,49.1,150.8,127.682,0.494,SW,0.78,28.799999999999997,0.034999999999999996,10.055,32.545,45973.35,1439.4572744614527,0,0,0,0,0,1,0,0,0,0,1,0
H184,peridotite_simulated,6.8,677.0,1908.0,allowed,45.9,110.1,127.698,0.494,SW,1.6044999999999998,44.025,0.0515,4.455,35.71,44805.1,427.79960261786124,0,0,0,0,1,0,0,0,0,1,0,0
H185,peridotite_simulated,11.0,1004.0,391.0,no-go,42.7,102.7,127.714,0.494,SW,1.3425,28.79,0.021500000000000002,8.635,44.08,45426.55,543.9772467668105,0,0,0,0,1,0,0,0,0,0,0,1
H186,ultramafic_simulated,8.7,796.0,1894.0,conditional,39.5,137.6,127.73,0.494,SW,0.942,33.575,0.027499999999999997,6.185,42.75,44905.666666666664,172.92779803529095,0,0,0,0,0,0,0,1,0,0,1,0
H187,ultramafic_simulated,3.2,147.0,1707.0,allowed,36.3,129.1,127.746,0.494,SW,0.6855,23.810000000000002,0.013500000000000002,5.125,55.325,44012.75,78.418142033584,0,0,0,0,0,0,0,1,0,1,0,0
H188,serpentinite_simulated,13.7,1044.0,3421.0,conditional,33.2,107.8,127.762,0.494,SW,1.4745,27.950000000000003,0.0515,4.035,41.825,45610.7,1620.2644784108586,0,0,0,0,0,1,0,0,0,0,1,0
H189,serpentinite_simulated,6.3,358.0,610.0,allowed,30.1,117.4,127.778,0.494,SW,1.355,22.205,0.0445,10.585,41.629999999999995,46275.95,1059.3166688955685,0,0,0,0,0,1,0,0,0,1,0,0
H190,serpentinite_simulated,4.6,447.0,2149.0,no-go,27.3,118.8,127.794,0.494,SW,2.197,17.25,0.0295,11.07,48.165,46672.4,14.707821048682247,0,0,0,0,0,1,0,0,0,0,0,1
H191,peridotite_simulated,6.9,106.0,3325.0,allowed,27.3,130.3,127.81,0.494,SE,1.619,26.365000000000002,0.028499999999999998,3.1849999999999996,48.39,44815.8,1026.8604676391099,0,0,0,0,1,0,0,0,0,1,0,0
H192,peridotite_simulated,12.5,607.0,2017.0,no-go,30.1,150.8,127.826,0.494,SE,1.026,15.16,0.039999999999999994,18.14,33.489999999999995,44865.799999999996,748.0157150755568,0,0,0,0,1,0,0,0,0,0,0,1
H193,ultramafic_simulated,7.9,529.0,2125.0,conditional,33.2,111.7,127.842,0.494,SE,1.4355,29.89,0.0375,13.540000000000001,40.415,44296.6,56.70996385115905,0,0,0,0,0,0,0,1,0,0,1,0
H194,peridotite_simulated,6.5,1188.0,2477.0,conditional,36.3,107.1,127.858,0.494,SE,1.9535,19.97,0.014,24.79,33.995000000000005,45473.55,550.3412077974895,0,0,0,0,1,0,0,0,0,0,1,0
H195,ultramafic_simulated,17.0,926.0,937.0,allowed,39.5,130.5,127.874,0.494,SE,1.2905000000000002,22.075,0.032,11.76,37.85,44172.8,755.1900423072327,0,0,0,0,0,0,0,1,0,1,0,0
H196,serpentinite_simulated,9.6,592.0,2240.0,allowed,42.7,130.9,127.89,0.494,SE,0.7875,37.254999999999995,0.033,9.815,43.025,46117.6,315.3696244092002,0,0,0,0,0,1,0,0,0,1,0,0
H197,serpentinite_simulated,13.8,415.0,1376.0,no-go,45.9,149.7,127.906,0.494,SE,1.2565,25.479999999999997,0.0185,9.845,43.945,45679.5,1203.0714775107879,0,0,0,0,0,1,0,0,0,0,0,1
H198,serpentinite_simulated,7.9,835.0,3436.0,no-go,49.1,135.0,127.922,0.494,SE,2.6265,19.32,0.051000000000000004,21.705,35.379999999999995,44610.1,403.0508652763321,0,0,0,0,0,1,0,0,0,0,0,1
H199,ultramafic_simulated,9.6,1163.0,2805.0,allowed,52.2,146.6,127.938,0.494,SE,1.001,19.965,0.031,16.825,48.114999999999995,44229.0,517.8850065410234,0,0,0,0,0,0,0,1,0,1,0,0
H200,peridotite_simulated,12.1,774.0,2992.0,allowed,55.4,108.9,127.954,0.494,SE,1.229,32.714999999999996,0.0415,9.785,40.75,45021.0,273.6503243191939,0,0,0,0,1,0,0,0,0,1,0,0
H201,mafic_volcanic_simulated,2.3,431.0,785.0,allowed,55.4,141.4,127.65,0.51,NW,0.519,31.189999999999998,0.0475,3.745,46.725,43945.666666666664,383.36022659286846,0,0,0,1,0,0,0,0,0,1,0,0
H202,mafic_volcanic_simulated,13.8,150.0,742.0,no-go,52.2,112.4,127.666,0.51,NW,0.4595,32.515,0.0165,5.154999999999999,46.285,43638.75,160.159685938753,0,0,0,1,0,0,0,0,0,0,0,1
H203,peridotite_simulated,4.8,1102.0,1395.0,allowed,49.1,121.3,127.682,0.51,NW,2.075,31.66,0.032,15.125,37.825,45339.4,629.309915701322,0,0,0,0,1,0,0,0,0,1,0,0
H204,peridotite_simulated,11.8,295.0,1089.0,conditional,45.9,133.5,127.698,0.51,NW,0.796,27.235,0.0235,15.105,42.04,44914.73333333334,450.6673422085711,0,0,0,0,1,0,0,0,0,0,1,0
H205,serpentinite_simulated,7.1,471.0,3288.0,conditional,42.7,147.7,127.714,0.51,NW,1.0905,27.505,0.038,13.575,33.97,46531.7,207.60655095636676,0,0,0,0,0,1,0,0,0,0,1,0
H206,ultramafic_simulated,17.7,997.0,3355.0,allowed,39.5,148.3,127.73,0.51,NW,1.016,28.855,0.046,12.18,30.55,44744.7,741.6135921084506,0,0,0,0,0,0,0,1,0,1,0,0
H207,ultramafic_simulated,9.1,367.0,1833.0,allowed,36.3,112.1,127.746,0.51,NW,1.674,17.384999999999998,0.0315,10.045,53.004999999999995,45247.333333333336,362.13711951874524,0,0,0,0,0,0,0,1,0,1,0,0
H208,ultramafic_simulated,11.9,737.0,1076.0,allowed,33.2,140.2,127.762,0.51,NW,1.2765,21.04,0.040999999999999995,20.855,35.215,45121.9,325.9762261269984,0,0,0,0,0,0,0,1,0,1,0,0
H209,serpentinite_simulated,13.5,193.0,2766.0,allowed,30.1,100.3,127.778,0.51,NW,2.271,15.42,0.0235,15.115000000000002,44.635000000000005,45874.6,443.06357331651583,0,0,0,0,0,1,0,0,0,1,0,0
H210,peridotite_simulated,16.1,615.0,938.0,no-go,27.3,157.8,127.794,0.51,NW,1.1985000000000001,23.52,0.0315,11.885000000000002,47.9,43949.0,53.598694013942364,0,0,0,0,1,0,0,0,0,0,0,1
H211,mafic_volcanic_simulated,11.2,679.0,2614.0,allowed,27.3,156.2,127.81,0.51,NE,0.383,41.364999999999995,0.0505,5.45,41.745,43764.23333333334,5.551876559625696,0,0,0,1,0,0,0,0,0,1,0,0
H212,mafic_volcanic_simulated,16.7,1197.0,1570.0,allowed,30.1,129.7,127.826,0.51,NE,0.499,25.695,0.025,21.39,41.91,43964.9,206.33375875023663,0,0,0,1,0,0,0,0,0,1,0,0
H213,mafic_volcanic_simulated,9.5,296.0,660.0,no-go,33.2,109.7,127.842,0.51,NE,0.1165,16.0,0.013000000000000001,6.385,51.43,43704.166666666664,268.7655917957757,0,0,0,1,0,0,0,0,0,0,0,1
H214,serpentinite_simulated,14.7,716.0,2723.0,conditional,36.3,110.5,127.858,0.51,NE,2.2185,23.865000000000002,0.027,18.060000000000002,34.4,47015.149999999994,361.4022758644408,0,0,0,0,0,1,0,0,0,0,1,0
H215,serpentinite_simulated,5.0,237.0,1336.0,conditional,39.5,114.9,127.874,0.51,NE,0.7555000000000001,29.615000000000002,0.028999999999999998,3.0549999999999997,45.78,45850.75,1044.0431624219375,0,0,0,0,0,1,0,0,0,0,1,0
H216,ultramafic_simulated,6.8,890.0,337.0,no-go,42.7,139.2,127.89,0.51,NE,1.289,31.965,0.0235,9.719999999999999,42.75,44848.4,717.0062761231592,0,0,0,0,0,0,0,1,0,0,0,1
H217,serpentinite_simulated,8.5,643.0,3164.0,allowed,45.9,142.2,127.906,0.51,NE,0.8165,49.21,0.0495,3.7199999999999998,30.3,46155.23333333334,927.4681683666157,0,0,0,0,0,1,0,0,0,1,0,0
H218,mafic_volcanic_simulated,11.8,325.0,727.0,allowed,49.1,109.2,127.922,0.51,NE,0.3295,23.46,0.028999999999999998,4.66,45.769999999999996,43479.45,297.1969801327003,0,0,0,1,0,0,0,0,0,1,0,0
H219,peridotite_simulated,9.5,682.0,2425.0,allowed,52.2,113.1,127.938,0.51,NE,0.4495,32.37,0.041,9.795,44.57,45134.85,310.6320089752524,0,0,0,0,1,0,0,0,0,1,0,0
H220,mafic_volcanic_simulated,9.1,868.0,550.0,allowed,55.4,133.9,127.954,0.51,NE,0.241,25.674999999999997,0.022,2.865,49.135,43890.649999999994,229.7389932075129,0,0,0,1,0,0,0,0,0,1,0,0
H221,peridotite_simulated,4.4,447.0,1965.0,allowed,55.8,107.0,127.65,0.526,NW,0.7825,15.39,0.0225,12.1,44.395,44979.26666666666,426.65719650948813,0,0,0,0,1,0,0,0,0,1,0,0
H222,serpentinite_simulated,14.9,588.0,1942.0,allowed,52.6,127.4,127.666,0.526,NW,0.6655,39.045,0.031,3.8499999999999996,39.185,44745.85,187.73685040502838,0,0,0,0,0,1,0,0,0,1,0,0
H223,ultramafic_simulated,8.3,994.0,2687.0,conditional,49.5,134.7,127.682,0.526,NW,0.7244999999999999,15.375,0.014499999999999999,22.6,34.34,44541.03333333333,321.1396010045044,0,0,0,0,0,0,0,1,0,0,1,0
H224,serpentinite_simulated,17.0,157.0,3288.0,no-go,46.3,101.9,127.698,0.526,NW,0.966,13.775,0.0275,12.215,42.46,45793.2,36.62813126546265,0,0,0,0,0,1,0,0,0,0,0,1
H225,ultramafic_simulated,12.3,551.0,3477.0,no-go,43.2,122.9,127.714,0.526,NW,0.8180000000000001,24.025,0.0405,19.37,34.54,44611.1,240.98199102837745,0,0,0,0,0,0,0,1,0,0,0,1
H226,ultramafic_simulated,12.5,470.0,871.0,allowed,40.2,132.2,127.73,0.526,NW,1.0495,29.715,0.053000000000000005,10.61,36.05,44473.649999999994,866.2765176316358,0,0,0,0,0,0,0,1,0,1,0,0
H227,serpentinite_simulated,2.4,414.0,2455.0,allowed,37.2,132.7,127.746,0.526,NW,1.319,29.705,0.0315,15.920000000000002,39.465,46302.05,1134.9770944825239,0,0,0,0,0,1,0,0,0,1,0,0
H228,serpentinite_simulated,6.4,1130.0,2620.0,allowed,34.3,106.8,127.762,0.526,NW,2.545,35.815,0.024,16.98,36.370000000000005,45413.15,403.4044186669254,0,0,0,0,0,1,0,0,0,1,0,0
H229,ultramafic_simulated,2.3,311.0,623.0,no-go,31.8,102.0,127.778,0.526,NW,1.9224999999999999,25.759999999999998,0.020499999999999997,13.155000000000001,47.114999999999995,44097.649999999994,751.7252190794202,0,0,0,0,0,0,0,1,0,0,0,1
H230,serpentinite_simulated,8.4,342.0,995.0,conditional,30.1,151.8,127.794,0.526,NW,1.0154999999999998,22.939999999999998,0.028999999999999998,23.06,42.239999999999995,46342.600000000006,619.7083830318938,0,0,0,0,0,1,0,0,0,0,1,0
H231,serpentinite_simulated,13.7,437.0,2213.0,no-go,30.1,140.4,127.81,0.526,NE,1.325,27.845000000000002,0.051500000000000004,14.56,31.529999999999998,46320.3,17.25340546095536,0,0,0,0,0,1,0,0,0,0,0,1
H232,serpentinite_simulated,5.5,417.0,495.0,conditional,31.8,156.9,127.826,0.526,NE,1.463,29.68,0.026,20.255000000000003,37.81,46250.23333333334,624.0977594362388,0,0,0,0,0,1,0,0,0,0,1,0
H233,peridotite_simulated,17.1,832.0,2815.0,no-go,34.3,119.1,127.842,0.526,NE,1.4545,28.21,0.035,12.870000000000001,36.945,44855.95,557.1294328968793,0,0,0,0,1,0,0,0,0,0,0,1
H234,serpentinite_simulated,9.6,1031.0,1262.0,conditional,37.2,142.5,127.858,0.526,NE,5.6579999999999995,28.770000000000003,0.0175,6.755000000000001,49.495000000000005,46845.6,447.59859249108456,0,0,0,0,0,1,0,0,0,0,1,0
H235,peridotite_simulated,5.9,308.0,2369.0,allowed,40.2,155.3,127.874,0.526,NE,1.2235,33.23,0.0545,16.58,35.545,45376.149999999994,538.8860779422643,0,0,0,0,1,0,0,0,0,1,0,0
H236,serpentinite_simulated,11.6,1058.0,902.0,conditional,43.2,145.7,127.89,0.526,NE,1.9180000000000001,43.935,0.045,3.265,37.105000000000004,45816.85,470.57956287964737,0,0,0,0,0,1,0,0,0,0,1,0
H237,peridotite_simulated,7.3,1152.0,349.0,no-go,46.3,156.2,127.906,0.526,NE,0.749,44.905,0.078,4.765,38.81,45416.600000000006,23.617366491629145,0,0,0,0,1,0,0,0,0,0,0,1
H238,serpentinite_simulated,10.8,949.0,1518.0,no-go,49.5,132.0,127.922,0.526,NE,0.992,21.799999999999997,0.016,13.0,40.115,46235.9,342.3811034505243,0,0,0,0,0,1,0,0,0,0,0,1
H239,peridotite_simulated,3.6,1179.0,1802.0,allowed,52.6,150.4,127.938,0.526,NE,1.347,35.91,0.0245,4.58,44.17,45083.833333333336,706.3950830330957,0,0,0,0,1,0,0,0,0,1,0,0
H240,peridotite_simulated,5.5,243.0,1134.0,allowed,55.8,156.1,127.954,0.526,NE,1.2035,40.84,0.0965,3.74,35.29,45077.85,718.2083576511742,0,0,0,0,1,0,0,0,0,1,0,0
H241,serpentinite_simulated,8.1,1013.0,1898.0,allowed,56.4,139.3,127.65,0.542,NW,1.363,34.65,0.056999999999999995,6.505,43.760000000000005,46480.5,393.57563440843643,0,0,0,0,0,1,0,0,0,1,0,0
H242,ultramafic_simulated,12.3,629.0,838.0,no-go,53.4,147.7,127.666,0.542,NW,0.515,36.15,0.034,10.805,41.06,43788.95,733.3404427685648,0,0,0,0,0,0,0,1,0,0,0,1
H243,peridotite_simulated,10.7,799.0,488.0,no-go,50.3,102.0,127.682,0.542,NW,1.57,29.894999999999996,0.0275,9.165,35.165,44500.65,734.1889709059943,0,0,0,0,1,0,0,0,0,0,0,1
H244,peridotite_simulated,5.7,872.0,329.0,no-go,47.3,130.3,127.698,0.542,NW,0.606,19.23,0.0115,17.645,48.035,45486.45,1181.646142040836,0,0,0,0,1,0,0,0,0,0,0,1
H245,ultramafic_simulated,9.7,626.0,321.0,conditional,44.3,133.1,127.714,0.542,NW,2.033,23.535,0.025,15.354999999999999,47.489999999999995,44970.5,949.2201430648173,0,0,0,0,0,0,0,1,0,0,1,0
H246,mafic_volcanic_simulated,3.5,247.0,914.0,allowed,41.5,131.6,127.73,0.542,NW,0.2185,10.385000000000002,0.01,5.42,53.325,43700.06666666667,405.39026053092925,0,0,0,1,0,0,0,0,0,1,0,0
H247,serpentinite_simulated,8.5,713.0,3469.0,allowed,38.8,113.6,127.746,0.542,NW,3.1710000000000003,21.835,0.049,17.265,40.955,46002.850000000006,1136.2498866886667,0,0,0,0,0,1,0,0,0,1,0,0
H248,ultramafic_simulated,14.2,185.0,1514.0,no-go,36.3,133.2,127.762,0.542,NW,0.6000000000000001,36.195,0.0335,4.26,44.27,44697.95,95.38870478206886,0,0,0,0,0,0,0,1,0,0,0,1
H249,peridotite_simulated,11.1,1041.0,605.0,conditional,34.3,131.7,127.778,0.542,NW,1.373,35.905,0.0495,11.46,38.635,44600.7,1387.909190112955,0,0,0,0,1,0,0,0,0,0,1,0
H250,serpentinite_simulated,16.4,711.0,405.0,no-go,33.2,155.7,127.794,0.542,NW,1.8014999999999999,40.010000000000005,0.07250000000000001,7.04,42.785,46830.649999999994,584.7065973631597,0,0,0,0,0,1,0,0,0,0,0,1
H251,ultramafic_simulated,3.2,262.0,1070.0,allowed,33.2,150.1,127.81,0.542,NE,0.594,32.26,0.056,5.734999999999999,43.75,44862.8,215.667568261897,0,0,0,0,0,0,0,1,0,1,0,0
H252,serpentinite_simulated,4.2,1187.0,2617.0,conditional,34.3,130.0,127.826,0.542,NE,1.192,35.495,0.0465,6.545,39.03,46372.6,238.91228515921716,0,0,0,0,0,1,0,0,0,0,1,0
H253,serpentinite_simulated,17.3,524.0,2775.0,conditional,36.3,101.8,127.842,0.542,NE,1.2515,29.61,0.0315,15.285,36.245000000000005,46474.55,8.414570696123517,0,0,0,0,0,1,0,0,0,0,1,0
H254,mafic_volcanic_simulated,12.9,820.0,574.0,allowed,38.8,137.1,127.858,0.542,NE,0.3,13.08,0.013000000000000001,7.795,54.625,43092.566666666666,170.67900671533627,0,0,0,1,0,0,0,0,0,1,0,0
H255,serpentinite_simulated,13.4,790.0,2667.0,allowed,41.5,119.0,127.874,0.542,NE,1.0205,31.435000000000002,0.0615,18.035,36.489999999999995,45491.53333333333,870.7170053084611,0,0,0,0,0,1,0,0,0,1,0,0
H256,serpentinite_simulated,5.0,583.0,2075.0,allowed,44.3,124.5,127.89,0.542,NE,0.5825,34.9,0.041,10.185,38.36,45768.600000000006,798.040713247139,0,0,0,0,0,1,0,0,0,1,0,0
H257,serpentinite_simulated,7.2,511.0,1234.0,allowed,47.3,123.3,127.906,0.542,NE,1.34,21.064999999999998,0.05,19.875,38.489999999999995,46276.8,399.79817408287755,0,0,0,0,0,1,0,0,0,1,0,0
H258,serpentinite_simulated,6.8,632.0,502.0,allowed,50.3,126.1,127.922,0.542,NE,1.0965,37.385,0.068,18.905,35.905,45745.06666666667,757.6749984877007,0,0,0,0,0,1,0,0,0,1,0,0
H259,serpentinite_simulated,5.9,780.0,2200.0,allowed,53.4,111.7,127.938,0.542,NE,0.8525,32.29,0.0475,10.145,33.08,45031.55,836.0123473968546,0,0,0,0,0,1,0,0,0,1,0,0
H260,mafic_volcanic_simulated,11.9,981.0,1355.0,allowed,56.4,120.1,127.954,0.542,NE,0.403,15.115,0.017,26.424999999999997,42.7,43233.96666666667,58.72106379599356,0,0,0,1,0,0,0,0,0,1,0,0
H261,alluvium,6.7,858.0,1871.0,no-go,57.4,134.6,127.65,0.558,NW,0.1365,10.15,0.0165,21.69,42.845,43138.666666666664,403.12035837121147,1,0,0,0,0,0,0,0,0,0,0,1
H262,ultramafic_simulated,3.8,712.0,2195.0,allowed,54.4,132.7,127.666,0.558,NW,1.3315000000000001,17.34,0.0385,11.915,45.215,44583.93333333333,834.5996485341561,0,0,0,0,0,0,0,1,0,1,0,0
H263,alluvium,13.3,571.0,1232.0,allowed,51.5,141.6,127.682,0.558,NW,0.159,34.165,0.048999999999999995,3.77,46.59,43514.45,271.8825573662275,1,0,0,0,0,0,0,0,0,1,0,0
H264,peridotite_simulated,12.5,881.0,2825.0,allowed,48.6,104.4,127.698,0.558,NW,0.579,37.985,0.042499999999999996,10.690000000000001,36.28,44928.333333333336,441.7549811075502,0,0,0,0,1,0,0,0,0,1,0,0
H265,mafic_volcanic_simulated,10.7,966.0,1450.0,conditional,45.9,153.7,127.714,0.558,NW,0.472,24.425,0.0165,5.665,47.84,43287.65,146.01755031502208,0,0,0,1,0,0,0,0,0,0,1,0
H266,serpentinite_simulated,12.5,478.0,2370.0,conditional,43.2,102.7,127.73,0.558,NW,0.862,26.36,0.0555,3.575,46.385000000000005,45936.6,533.2312537726956,0,0,0,0,0,1,0,0,0,0,1,0
H267,alluvium,2.2,370.0,1934.0,allowed,40.8,131.1,127.746,0.558,NW,0.19,13.125,0.0185,2.81,53.76,43579.200000000004,255.3395386539274,1,0,0,0,0,0,0,0,0,1,0,0
H268,peridotite_simulated,14.4,739.0,1901.0,allowed,38.8,120.7,127.762,0.558,NW,0.653,19.895,0.034,20.53,36.08,44948.100000000006,578.1305042981228,0,0,0,0,1,0,0,0,0,1,0,0
H269,peridotite_simulated,9.7,613.0,1702.0,allowed,37.2,141.8,127.778,0.558,NW,1.0995,40.5,0.042,7.125,40.099999999999994,44833.75,120.7031275485416,0,0,0,0,1,0,0,0,0,1,0,0
H270,ultramafic_simulated,15.6,806.0,2467.0,allowed,36.3,109.9,127.794,0.558,NW,0.8065,32.74,0.04,10.295,39.599999999999994,44820.3,454.95250301542313,0,0,0,0,0,0,0,1,0,1,0,0
H271,peridotite_simulated,5.7,534.0,890.0,no-go,36.3,138.4,127.81,0.558,NE,1.1395,35.730000000000004,0.056,13.715,34.795,44583.95,195.93928906679386,0,0,0,0,1,0,0,0,0,0,0,1
H272,peridotite_simulated,11.5,515.0,2555.0,allowed,37.2,112.3,127.826,0.558,NE,3.166,42.775,0.035,3.605,32.035,44603.850000000006,209.37431790933826,0,0,0,0,1,0,0,0,0,1,0,0
H273,serpentinite_simulated,16.0,289.0,1343.0,allowed,38.8,127.5,127.842,0.558,NE,1.9095,36.02,0.041499999999999995,6.585000000000001,38.31,45519.4,253.85133444597056,0,0,0,0,0,1,0,0,0,1,0,0
H274,peridotite_simulated,11.4,470.0,3006.0,conditional,40.8,137.0,127.858,0.558,NE,2.4845,37.6,0.066,9.86,37.26,44486.5,617.6753273362954,0,0,0,0,1,0,0,0,0,0,1,0
H275,serpentinite_simulated,3.4,230.0,677.0,conditional,43.2,118.3,127.874,0.558,NE,0.5915,27.784999999999997,0.052500000000000005,11.435,31.67,45558.5,708.3795733926854,0,0,0,0,0,1,0,0,0,0,1,0
H276,peridotite_simulated,4.2,510.0,894.0,allowed,45.9,138.1,127.89,0.558,NE,1.665,34.72,0.0485,5.775,40.0,44733.0,253.144227664784,0,0,0,0,1,0,0,0,0,1,0,0
H277,alluvium,9.8,237.0,1307.0,allowed,48.6,127.1,127.906,0.558,NE,0.226,25.675,0.0475,24.24,42.575,43113.7,427.9410239741042,1,0,0,0,0,0,0,0,0,1,0,0
H278,serpentinite_simulated,15.0,1159.0,1917.0,allowed,51.5,129.7,127.922,0.558,NE,1.7115,31.375,0.0435,6.984999999999999,43.76,46044.13333333333,724.4083194810324,0,0,0,0,0,1,0,0,0,1,0,0
H279,ultramafic_simulated,3.3,115.0,2735.0,allowed,54.4,117.5,127.938,0.558,NE,0.7235,21.04,0.038000000000000006,15.475000000000001,36.54,44491.8,445.76011486000317,0,0,0,0,0,0,0,1,0,1,0,0
H280,serpentinite_simulated,13.9,938.0,2059.0,allowed,57.4,106.8,127.954,0.558,NE,1.255,31.125,0.0455,15.21,33.085,46790.55,942.0783645748368,0,0,0,0,0,1,0,0,0,1,0,0
H281,ultramafic_simulated,13.5,692.0,3467.0,allowed,58.6,106.1,127.65,0.574,NW,1.9995,30.155,0.022000000000000002,5.205,46.42,44727.0,883.1763697019978,0,0,0,0,0,0,0,1,0,1,0,0
H282,serpentinite_simulated,9.2,470.0,2914.0,no-go,55.8,126.3,127.666,0.574,NW,0.251,41.754999999999995,0.056999999999999995,3.63,39.84,45334.95,198.3434521228266,0,0,0,0,0,1,0,0,0,0,0,1
H283,peridotite_simulated,13.4,789.0,831.0,allowed,53.0,108.4,127.682,0.574,NW,0.7829999999999999,23.07,0.024,21.915,39.525000000000006,44616.46666666667,94.6995424135395,0,0,0,0,1,0,0,0,0,1,0,0
H284,serpentinite_simulated,6.5,683.0,1336.0,allowed,50.3,142.2,127.698,0.574,NW,1.041,25.79,0.049,4.0600000000000005,48.68,46947.0,224.5771137048516,0,0,0,0,0,1,0,0,0,1,0,0
H285,mafic_volcanic_simulated,12.9,187.0,3381.0,no-go,47.7,147.1,127.714,0.574,NW,0.466,10.5,0.0075,26.275,50.03,43976.850000000006,58.76057351660364,0,0,0,1,0,0,0,0,0,0,0,1
H286,mafic_volcanic_simulated,13.4,1008.0,2737.0,allowed,45.4,140.6,127.73,0.574,NW,0.2585,9.92,0.0085,21.005,45.614999999999995,43564.4,186.36998148843574,0,0,0,1,0,0,0,0,0,1,0,0
H287,serpentinite_simulated,9.2,790.0,3116.0,allowed,43.2,105.6,127.746,0.574,NW,1.431,20.05,0.0205,16.825,46.605000000000004,46078.85,104.439671581251,0,0,0,0,0,1,0,0,0,1,0,0
H288,mafic_volcanic_simulated,17.2,447.0,308.0,allowed,41.5,146.4,127.762,0.574,NW,0.2575,36.205,0.040999999999999995,5.53,47.725,43722.7,691.2675892879653,0,0,0,1,0,0,0,0,0,1,0,0
H289,peridotite_simulated,7.7,151.0,2010.0,conditional,40.2,113.1,127.778,0.574,NW,1.013,37.805,0.0465,8.575,41.88,44768.850000000006,1124.9361781896769,0,0,0,0,1,0,0,0,0,0,1,0
H290,serpentinite_simulated,7.4,727.0,2112.0,no-go,39.5,129.1,127.794,0.574,NW,0.9595,39.445,0.0505,5.325,40.32,45248.35,1205.4049298887055,0,0,0,0,0,1,0,0,0,0,0,1
H291,serpentinite_simulated,14.5,595.0,698.0,allowed,39.5,151.5,127.81,0.574,NE,1.5230000000000001,30.490000000000002,0.048999999999999995,7.205,47.925,45587.5,816.7083322704624,0,0,0,0,0,1,0,0,0,1,0,0
H292,peridotite_simulated,16.9,387.0,2395.0,allowed,40.2,115.0,127.826,0.574,NE,0.47750000000000004,39.93,0.051500000000000004,11.985,34.71,44856.15,655.8415395505228,0,0,0,0,1,0,0,0,0,1,0,0
H293,serpentinite_simulated,6.9,863.0,1049.0,allowed,41.5,139.3,127.842,0.574,NE,1.081,33.495,0.05399999999999999,13.475,38.905,45925.30000000001,733.5303333877883,0,0,0,0,0,1,0,0,0,1,0,0
H294,serpentinite_simulated,2.1,859.0,2915.0,conditional,43.2,159.3,127.858,0.574,NE,0.982,41.405,0.0625,4.335,34.095,45171.850000000006,1255.8923540654234,0,0,0,0,0,1,0,0,0,0,1,0
H295,serpentinite_simulated,13.7,195.0,1303.0,allowed,45.4,152.9,127.874,0.574,NE,0.8775,31.520000000000003,0.0605,9.575,33.695,45821.75,1334.098364064657,0,0,0,0,0,1,0,0,0,1,0,0
H296,alluvium,10.5,89.0,2380.0,allowed,47.7,126.4,127.89,0.574,NE,0.0555,25.68,0.0545,5.58,41.629999999999995,43424.55,407.08137392910106,1,0,0,0,0,0,0,0,0,1,0,0
H297,serpentinite_simulated,13.0,1043.0,577.0,allowed,50.3,106.0,127.906,0.574,NE,1.55,33.07,0.049499999999999995,6.025,47.3,45390.1,361.3315651863258,0,0,0,0,0,1,0,0,0,1,0,0
H298,serpentinite_simulated,7.0,237.0,1186.0,no-go,53.0,105.1,127.922,0.574,NE,1.1135,28.814999999999998,0.032,12.305,32.215,45747.5,857.2962615105661,0,0,0,0,0,1,0,0,0,0,0,1
H299,peridotite_simulated,13.0,1030.0,2407.0,conditional,55.8,118.1,127.938,0.574,NE,0.9085000000000001,34.78,0.03,8.36,39.19,44817.6,624.3752877877215,0,0,0,0,1,0,0,0,0,0,1,0
H300,ultramafic_simulated,2.9,1086.0,3355.0,allowed,58.6,129.7,127.954,0.574,NE,0.453,37.715,0.057499999999999996,12.575,44.215,44915.399999999994,388.4844655838928,0,0,0,0,0,0,0,1,0,1,0,0
H301,peridotite_simulated,17.6,1185.0,3289.0,allowed,60.1,107.9,127.65,0.59,NW,1.6829999999999998,16.15,0.0225,8.120000000000001,49.8,44650.55,1014.3446776121024,0,0,0,0,1,0,0,0,0,1,0,0
H302,serpentinite_simulated,14.2,1149.0,2765.0,conditional,57.4,101.0,127.666,0.59,NW,0.5865,28.305,0.038000000000000006,14.265,33.885,46886.85,257.8818430987318,0,0,0,0,0,1,0,0,0,0,1,0
H303,serpentinite_simulated,14.6,647.0,2311.0,allowed,54.8,130.1,127.682,0.59,NW,0.782,36.8,0.041499999999999995,3.98,40.435,46150.0,663.2661607529816,0,0,0,0,0,1,0,0,0,1,0,0
H304,serpentinite_simulated,11.9,391.0,1292.0,allowed,52.2,130.7,127.698,0.59,NW,1.0030000000000001,24.0,0.0625,15.705,37.615,45330.1,268.8419982071233,0,0,0,0,0,1,0,0,0,1,0,0
H305,peridotite_simulated,12.9,154.0,2536.0,no-go,49.9,143.8,127.714,0.59,NW,0.40049999999999997,26.55,0.041499999999999995,18.465,42.46,44705.8,1477.0046445424598,0,0,0,0,1,0,0,0,0,0,0,1
H306,peridotite_simulated,6.9,911.0,2670.0,conditional,47.7,107.2,127.73,0.59,NW,1.5899999999999999,28.854999999999997,0.0655,16.18,32.644999999999996,44490.333333333336,324.5630960742981,0,0,0,0,1,0,0,0,0,0,1,0
H307,serpentinite_simulated,10.4,957.0,2606.0,no-go,45.9,110.0,127.746,0.59,NW,1.479,31.305,0.0405,14.935,34.42,45483.850000000006,287.863170621045,0,0,0,0,0,1,0,0,0,0,0,1
H308,serpentinite_simulated,11.2,166.0,1757.0,conditional,44.3,121.6,127.762,0.59,NW,1.4264999999999999,25.14,0.0215,9.989999999999998,51.61,45469.149999999994,905.0259692406606,0,0,0,0,0,1,0,0,0,0,1,0
H309,serpentinite_simulated,3.6,723.0,2613.0,allowed,43.2,113.7,127.778,0.59,NW,1.1485,30.785,0.047,15.545000000000002,46.285,46149.0,219.20310216782974,0,0,0,0,0,1,0,0,0,1,0,0
H310,mafic_volcanic_simulated,9.5,509.0,780.0,allowed,42.7,155.9,127.794,0.59,NW,0.3215,9.545,0.015,22.8,48.365,43531.166666666664,234.85660163881323,0,0,0,1,0,0,0,0,0,1,0,0
H311,mafic_volcanic_simulated,8.7,440.0,1632.0,conditional,42.7,143.2,127.81,0.59,NE,0.1325,23.325000000000003,0.0155,5.045,51.135000000000005,43338.8,221.32442251138937,0,0,0,1,0,0,0,0,0,0,1,0
H312,serpentinite_simulated,16.4,281.0,2874.0,allowed,43.2,158.9,127.826,0.59,NE,1.124,28.805,0.051500000000000004,5.0,40.995,44776.600000000006,273.36748160671567,0,0,0,0,0,1,0,0,0,1,0,0
H313,ultramafic_simulated,10.8,89.0,942.0,allowed,44.3,133.8,127.842,0.59,NE,0.8800000000000001,30.725,0.024,13.245000000000001,38.230000000000004,44632.200000000004,536.469794117062,0,0,0,0,0,0,0,1,0,1,0,0
H314,peridotite_simulated,9.9,945.0,925.0,allowed,45.9,154.0,127.858,0.59,NE,1.5305,20.49,0.016,10.41,46.94,45004.649999999994,353.62410127139395,0,0,0,0,1,0,0,0,0,1,0,0
H315,serpentinite_simulated,5.7,468.0,2987.0,allowed,47.7,152.6,127.874,0.59,NE,2.401,20.104999999999997,0.0115,16.7,40.545,45807.2,587.4643138097831,0,0,0,0,0,1,0,0,0,1,0,0
H316,ultramafic_simulated,10.5,347.0,1874.0,allowed,49.9,103.6,127.89,0.59,NE,1.717,28.855,0.022,2.87,41.605000000000004,44508.86666666667,541.0916773831702,0,0,0,0,0,0,0,1,0,1,0,0
H317,ultramafic_simulated,17.6,175.0,606.0,allowed,52.2,108.0,127.906,0.59,NE,1.043,35.925,0.042499999999999996,11.025,34.629999999999995,44314.0,801.1519830843583,0,0,0,0,0,0,0,1,0,1,0,0
H318,alluvium,6.2,433.0,2863.0,allowed,54.8,142.0,127.922,0.59,NE,0.133,24.660000000000004,0.0165,21.255,38.6,43634.9,227.82980489830354,1,0,0,0,0,0,0,0,0,1,0,0
H319,serpentinite_simulated,5.2,954.0,2171.0,allowed,57.4,109.3,127.938,0.59,NE,0.9695,40.25,0.0595,4.21,32.035,46674.3,288.64098808034925,0,0,0,0,0,1,0,0,0,1,0,0
H320,peridotite_simulated,17.4,313.0,1287.0,allowed,60.1,115.9,127.954,0.59,NE,0.8494999999999999,34.235,0.0435,14.865,38.415,45169.25,447.3864604567266,0,0,0,0,1,0,0,0,0,1,0,0
H321,ultramafic_simulated,13.2,125.0,2975.0,no-go,61.8,119.7,127.65,0.606,NW,0.605,24.880000000000003,0.029,15.445,39.285,43934.7,744.7248619456775,0,0,0,0,0,0,0,1,0,0,0,1
H322,serpentinite_simulated,12.8,371.0,3470.0,allowed,59.2,101.9,127.666,0.606,NW,0.761,22.299999999999997,0.018000000000000002,15.525000000000002,36.98,45761.45,245.29534239361695,0,0,0,0,0,1,0,0,0,1,0,0
H323,ultramafic_simulated,9.4,980.0,747.0,allowed,56.8,100.7,127.682,0.606,NW,0.628,31.4,0.04,13.715,30.275,44347.85,224.64782438296407,0,0,0,0,0,0,0,1,0,1,0,0
H324,peridotite_simulated,6.1,990.0,370.0,allowed,54.4,103.9,127.698,0.606,NW,1.367,20.485,0.0425,8.42,45.455,44262.2,168.00857120992524,0,0,0,0,1,0,0,0,0,1,0,0
H325,serpentinite_simulated,15.3,451.0,437.0,no-go,52.2,127.7,127.714,0.606,NW,0.6890000000000001,34.765,0.06,11.270000000000001,43.065,45517.0,1271.2365712171772,0,0,0,0,0,1,0,0,0,0,0,1
H326,ultramafic_simulated,2.5,845.0,853.0,allowed,50.3,112.9,127.73,0.606,NW,0.8035,22.83,0.041,24.785,28.61,44697.799999999996,638.3663289992672,0,0,0,0,0,0,0,1,0,1,0,0
H327,mafic_volcanic_simulated,11.9,355.0,1244.0,allowed,48.6,124.7,127.746,0.606,NW,0.3575,11.920000000000002,0.008,24.46,52.730000000000004,43789.149999999994,163.41237713221267,0,0,0,1,0,0,0,0,0,1,0,0
H328,serpentinite_simulated,5.2,1071.0,1983.0,allowed,47.3,137.8,127.762,0.606,NW,0.725,18.165,0.0385,19.015,36.935,46213.0,377.3121784411459,0,0,0,0,0,1,0,0,0,1,0,0
H329,peridotite_simulated,10.0,515.0,875.0,no-go,46.3,119.1,127.778,0.606,NW,1.4929999999999999,15.755,0.0145,13.26,40.95,44845.833333333336,874.6790058834905,0,0,0,0,1,0,0,0,0,0,0,1
H330,ultramafic_simulated,2.9,1196.0,1002.0,no-go,45.9,150.8,127.794,0.606,NW,1.179,40.22,0.0675,2.91,41.79,44503.299999999996,864.3141269237727,0,0,0,0,0,0,0,1,0,0,0,1
H331,ultramafic_simulated,4.8,744.0,2880.0,no-go,45.9,141.9,127.81,0.606,NE,0.996,16.68,0.0265,15.315,42.769999999999996,44806.3,433.7392995798267,0,0,0,0,0,0,0,1,0,0,0,1
H332,serpentinite_simulated,16.1,631.0,1289.0,no-go,46.3,129.4,127.826,0.606,NE,0.942,31.02,0.0315,5.21,44.59,46524.6,115.3998266896425,0,0,0,0,0,1,0,0,0,0,0,1
H333,serpentinite_simulated,2.0,1108.0,945.0,allowed,47.3,107.8,127.842,0.606,NE,1.566,31.0,0.064,14.375,32.730000000000004,46164.55,602.667109605294,0,0,0,0,0,1,0,0,0,1,0,0
H334,serpentinite_simulated,16.7,947.0,3009.0,allowed,48.6,151.6,127.858,0.606,NE,1.658,43.2,0.0865,2.4299999999999997,38.015,45404.166666666664,548.3351560253416,0,0,0,0,0,1,0,0,0,1,0,0
H335,mafic_volcanic_simulated,3.6,418.0,737.0,allowed,50.3,109.5,127.874,0.606,NE,0.3395,26.31,0.0305,7.3549999999999995,46.144999999999996,43477.75,357.01821382108375,0,0,0,1,0,0,0,0,0,1,0,0
H336,peridotite_simulated,6.9,851.0,708.0,allowed,52.2,143.7,127.89,0.606,NE,2.4595000000000002,21.619999999999997,0.052500000000000005,13.51,39.175,45186.200000000004,275.855233773082,0,0,0,0,1,0,0,0,0,1,0,0
H337,alluvium,11.0,1129.0,750.0,allowed,54.4,144.7,127.906,0.606,NE,0.062,43.724999999999994,0.08399999999999999,5.06,36.725,43661.05,23.970919882227562,1,0,0,0,0,0,0,0,0,1,0,0
H338,peridotite_simulated,6.0,156.0,1121.0,allowed,56.8,106.5,127.922,0.606,NE,0.4745,36.135,0.0265,6.305,44.44,44553.65,174.44324291871922,0,0,0,0,1,0,0,0,0,1,0,0
H339,ultramafic_simulated,16.2,632.0,1512.0,no-go,59.2,132.8,127.938,0.606,NE,0.294,29.1,0.042,11.925,35.405,44653.2,21.920310216782973,0,0,0,0,0,0,0,1,0,0,0,1
H340,mafic_volcanic_simulated,13.0,262.0,536.0,conditional,61.8,150.7,127.954,0.606,NE,0.26949999999999996,12.07,0.013,6.529999999999999,57.230000000000004,43696.23333333334,426.00156494235245,0,0,0,1,0,0,0,0,0,0,1,0
H341,alluvium,4.7,501.0,2642.0,allowed,63.7,132.8,127.65,0.622,NW,0.28200000000000003,15.74,0.015,7.005000000000001,51.09,43126.850000000006,220.5466050520826,1,0,0,0,0,0,0,0,0,1,0,0
H342,peridotite_simulated,17.1,265.0,3147.0,allowed,61.3,109.4,127.666,0.622,NW,0.7729999999999999,36.5,0.0345,17.490000000000002,40.825,44867.95,1282.0553049693258,0,0,0,0,1,0,0,0,0,1,0,0
H343,serpentinite_simulated,13.6,898.0,1149.0,conditional,58.9,116.9,127.682,0.622,NW,1.47,30.085,0.0655,11.37,42.754999999999995,45554.899999999994,123.46084399517274,0,0,0,0,0,1,0,0,0,0,1,0
H344,serpentinite_simulated,8.8,410.0,2418.0,allowed,56.8,136.0,127.698,0.622,NW,0.565,33.53,0.0395,15.01,34.519999999999996,46586.56666666667,449.69617891786777,0,0,0,0,0,1,0,0,0,1,0,0
H345,serpentinite_simulated,6.9,525.0,1865.0,no-go,54.8,139.7,127.714,0.622,NW,0.538,32.355000000000004,0.0295,12.85,36.225,45931.75,567.8774559709204,0,0,0,0,0,1,0,0,0,0,0,1
H346,serpentinite_simulated,7.9,579.0,1143.0,no-go,53.0,127.9,127.73,0.622,NW,0.9175,18.12,0.045,20.47,39.045,45494.9,362.6043573924636,0,0,0,0,0,1,0,0,0,0,0,1
H347,serpentinite_simulated,12.7,176.0,1400.0,conditional,51.5,132.5,127.746,0.622,NW,1.4275,37.12,0.043,5.49,43.225,45359.850000000006,217.85959928357684,0,0,0,0,0,1,0,0,0,0,1,0
H348,ultramafic_simulated,10.6,1051.0,1819.0,allowed,50.3,152.9,127.762,0.622,NW,1.244,33.15,0.033,15.66,39.17,44901.3,350.017856687341,0,0,0,0,0,0,0,1,0,1,0,0
H349,mafic_volcanic_simulated,10.0,1089.0,2861.0,conditional,49.5,140.7,127.778,0.622,NW,0.5455,17.22,0.006,6.905,56.015,43360.5,765.0747087703254,0,0,0,1,0,0,0,0,0,0,1,0
H350,ultramafic_simulated,17.7,1169.0,2887.0,allowed,49.1,107.6,127.794,0.622,NW,1.4954999999999998,30.32,0.049,10.925,37.87,44675.95,571.5544112330858,0,0,0,0,0,0,0,1,0,1,0,0
H351,serpentinite_simulated,16.6,155.0,1542.0,no-go,49.1,123.8,127.81,0.622,NE,1.0259999999999998,30.314999999999998,0.036000000000000004,9.165,36.89,46048.65,194.24223279194254,0,0,0,0,0,1,0,0,0,0,0,1
H352,peridotite_simulated,14.6,778.0,1972.0,no-go,49.5,125.2,127.826,0.622,NE,0.8535,29.155,0.03,14.094999999999999,45.515,44377.600000000006,1167.0090316702817,0,0,0,0,1,0,0,0,0,0,0,1
H353,peridotite_simulated,17.0,1116.0,2101.0,conditional,50.3,106.1,127.842,0.622,NE,0.7290000000000001,22.535,0.053500000000000006,10.915,43.185,44493.1,110.16723650886615,0,0,0,0,1,0,0,0,0,0,1,0
H354,serpentinite_simulated,8.1,624.0,2249.0,allowed,51.5,102.2,127.858,0.622,NE,0.968,22.925,0.028999999999999998,14.14,42.7,45683.95,1482.4493667575969,0,0,0,0,0,1,0,0,0,1,0,0
H355,peridotite_simulated,2.6,1076.0,1361.0,conditional,53.0,114.3,127.874,0.622,NE,1.4335,28.505000000000003,0.027,15.8,35.695,44608.899999999994,61.801132675707855,0,0,0,0,1,0,0,0,0,0,1,0
H356,serpentinite_simulated,13.1,190.0,3080.0,allowed,54.8,108.1,127.89,0.622,NE,1.8565,30.395000000000003,0.015,6.745,42.79,45542.5,450.3348087812,0,0,0,0,0,1,0,0,0,1,0,0
H357,ultramafic_simulated,8.7,803.0,901.0,allowed,56.8,112.7,127.906,0.622,NE,1.9795,19.53,0.0385,16.575,36.795,44654.6,887.8503477501102,0,0,0,0,0,0,0,1,0,1,0,0
H358,ultramafic_simulated,15.1,657.0,809.0,no-go,58.9,118.7,127.922,0.622,NE,1.208,18.86,0.0155,9.975,40.86,44752.3,353.97765466198723,0,0,0,0,0,0,0,1,0,0,0,1
H359,mafic_volcanic_simulated,2.5,296.0,2965.0,no-go,61.3,150.2,127.938,0.622,NE,0.2335,28.86,0.0595,5.404999999999999,44.620000000000005,43635.2,154.71496372361094,0,0,0,1,0,0,0,0,0,0,0,1
H360,mafic_volcanic_simulated,6.4,1002.0,1916.0,conditional,63.7,138.1,127.954,0.622,NE,0.2105,39.620000000000005,0.0685,1.95,37.78,43474.95,328.87536392986476,0,0,0,1,0,0,0,0,0,0,1,0
H361,serpentinite_simulated,11.4,472.0,823.0,no-go,65.8,153.7,127.65,0.638,NW,1.8455,32.365,0.0415,6.665,41.905,46391.35,353.34125855891574,0,0,0,0,0,1,0,0,0,0,0,1
H362,serpentinite_simulated,4.6,721.0,3388.0,allowed,63.5,151.4,127.666,0.638,NW,1.3945,36.97,0.051,15.115,34.900000000000006,46204.96666666667,478.09595619847113,0,0,0,0,0,1,0,0,0,1,0,0
H363,serpentinite_simulated,2.3,954.0,2756.0,allowed,61.3,100.5,127.682,0.638,NW,2.4385000000000003,38.96,0.0645,9.425,43.325,45848.2,73.25626253092273,0,0,0,0,0,1,0,0,0,1,0,0
H364,peridotite_simulated,6.0,982.0,1277.0,allowed,59.2,158.0,127.698,0.638,NW,1.184,34.7,0.0505,8.98,37.055,45040.36666666666,385.8381569172934,0,0,0,0,1,0,0,0,0,1,0,0
H365,serpentinite_simulated,6.0,603.0,2467.0,allowed,57.4,149.5,127.714,0.638,NW,1.1185,31.16,0.0485,12.04,35.99,45663.2,173.52400410317722,0,0,0,0,0,1,0,0,0,1,0,0
H366,peridotite_simulated,15.5,499.0,2371.0,conditional,55.8,136.5,127.73,0.638,NW,0.8945000000000001,32.410000000000004,0.032,5.734999999999999,45.06,44980.149999999994,144.1790726839355,0,0,0,0,1,0,0,0,0,0,1,0
H367,serpentinite_simulated,12.2,1045.0,1136.0,no-go,54.4,142.7,127.746,0.638,NW,1.7295,20.61,0.0335,15.14,40.305,45797.899999999994,909.7635846746084,0,0,0,0,0,1,0,0,0,0,0,1
H368,serpentinite_simulated,16.4,982.0,2868.0,conditional,53.4,136.0,127.762,0.638,NW,1.4725,18.365000000000002,0.041499999999999995,16.675,38.94,45347.3,248.6187442651865,0,0,0,0,0,1,0,0,0,0,1,0
H369,ultramafic_simulated,18.0,371.0,1639.0,conditional,52.6,123.3,127.778,0.638,NW,1.099,41.46,0.0435,6.015,41.555,44486.55,144.74475810889194,0,0,0,0,0,0,0,1,0,0,1,0
H370,ultramafic_simulated,10.6,959.0,3201.0,allowed,52.2,140.3,127.794,0.638,NW,1.1585,30.16,0.0615,15.280000000000001,36.15,44326.46666666667,755.2609902102274,0,0,0,0,0,0,0,1,0,1,0,0
H371,ultramafic_simulated,4.9,189.0,709.0,no-go,52.2,115.5,127.81,0.638,NE,2.4610000000000003,18.965,0.0235,22.2,36.11,44996.7,267.85204871345854,0,0,0,0,0,0,0,1,0,0,0,1
H372,serpentinite_simulated,7.4,180.0,1437.0,conditional,52.6,144.7,127.826,0.638,NE,0.5565,21.25,0.0455,21.83,33.53,45368.35,240.76985899401944,0,0,0,0,0,1,0,0,0,0,1,0
H373,serpentinite_simulated,6.7,1033.0,1806.0,allowed,53.4,152.0,127.842,0.638,NE,3.0164999999999997,34.675,0.0515,15.925,34.885000000000005,45663.86666666667,239.8525449799028,0,0,0,0,0,1,0,0,0,1,0,0
H374,serpentinite_simulated,10.0,1052.0,1521.0,no-go,54.4,117.9,127.858,0.638,NE,0.833,18.79,0.0435,22.32,39.010000000000005,45571.899999999994,363.7357282423585,0,0,0,0,0,1,0,0,0,0,0,1
H375,peridotite_simulated,16.5,592.0,1312.0,allowed,55.8,142.9,127.874,0.638,NE,1.2385,30.94,0.026,18.375,36.285,45231.05,841.6692016463419,0,0,0,0,1,0,0,0,0,1,0,0
H376,peridotite_simulated,12.2,85.0,1175.0,allowed,57.4,145.7,127.89,0.638,NE,1.1925,35.13,0.067,8.32,39.72,44931.45,257.17473631754785,0,0,0,0,1,0,0,0,0,1,0,0
H377,serpentinite_simulated,12.1,532.0,3389.0,conditional,59.2,123.0,127.906,0.638,NE,0.9349999999999999,25.259999999999998,0.013500000000000002,6.050000000000001,47.71,45459.25,1187.1615749340906,0,0,0,0,0,1,0,0,0,0,1,0
H378,serpentinite_simulated,5.0,838.0,2305.0,no-go,61.3,114.9,127.922,0.638,NE,0.935,23.865000000000002,0.0345,21.225,36.730000000000004,45957.5,798.1759643086203,0,0,0,0,0,1,0,0,0,0,0,1
H379,serpentinite_simulated,11.4,267.0,2936.0,allowed,63.5,117.9,127.938,0.638,NE,0.4975,31.415,0.0395,10.815,36.29,45623.7,404.88934290741355,0,0,0,0,0,1,0,0,0,1,0,0
H380,peridotite_simulated,16.2,1195.0,1397.0,allowed,65.8,154.1,127.954,0.638,NE,0.6890000000000001,28.405,0.0295,12.12,41.92,44975.833333333336,628.6471294242328,0,0,0,0,1,0,0,0,0,1,0,0
H381,mafic_volcanic_simulated,8.5,336.0,2627.0,no-go,68.0,107.9,127.65,0.654,NW,0.33899999999999997,11.165,0.013000000000000001,22.835,44.295,43873.1,236.54386485385749,0,0,0,1,0,0,0,0,0,0,0,1
H382,serpentinite_simulated,12.4,122.0,3105.0,allowed,65.8,115.3,127.666,0.654,NW,1.178,17.715,0.0305,20.88,42.575,46555.4,180.8779146275209,0,0,0,0,0,1,0,0,0,1,0,0
H383,alluvium,12.5,102.0,2507.0,conditional,63.7,125.0,127.682,0.654,NW,0.025,14.46,0.014,24.91,46.995000000000005,43783.95,45.608387386532314,1,0,0,0,0,0,0,0,0,0,1,0
H384,peridotite_simulated,13.1,786.0,1264.0,allowed,61.8,139.7,127.698,0.654,NW,1.048,44.945,0.042499999999999996,4.455,36.06,44860.5,807.9853525900087,0,0,0,0,1,0,0,0,0,1,0,0
H385,peridotite_simulated,15.3,198.0,2600.0,allowed,60.1,107.1,127.714,0.654,NW,0.7735000000000001,20.86,0.0125,6.2,52.745000000000005,45003.55,233.13310575720524,0,0,0,0,1,0,0,0,0,1,0,0
H386,serpentinite_simulated,5.2,868.0,1245.0,allowed,58.6,102.4,127.73,0.654,NW,1.1545,32.05,0.067,8.01,39.37,45670.2,771.029234205815,0,0,0,0,0,1,0,0,0,1,0,0
H387,mafic_volcanic_simulated,2.0,832.0,3202.0,allowed,57.4,150.1,127.746,0.654,NW,0.22999999999999998,18.35,0.01,5.56,52.08,43915.100000000006,333.3301366513421,0,0,0,1,0,0,0,0,0,1,0,0
H388,serpentinite_simulated,13.6,193.0,1119.0,allowed,56.4,113.9,127.762,0.654,NW,0.8965,22.325,0.036000000000000004,19.625,32.875,45467.45,492.78271580890345,0,0,0,0,0,1,0,0,0,1,0,0
H389,serpentinite_simulated,6.6,978.0,1301.0,allowed,55.8,144.3,127.778,0.654,NW,1.205,34.34,0.0395,12.955,39.245000000000005,46333.600000000006,1208.0212249790964,0,0,0,0,0,1,0,0,0,1,0,0
H390,serpentinite_simulated,11.9,1064.0,597.0,allowed,55.4,148.9,127.794,0.654,NW,0.7315,19.865,0.0235,20.67,34.91,46154.75,1023.6784871237628,0,0,0,0,0,1,0,0,0,1,0,0
H391,alluvium,8.2,1033.0,2860.0,allowed,55.4,138.9,127.81,0.654,NE,0.16,26.455,0.034,23.58,38.915,43233.0,159.80613254815975,1,0,0,0,0,0,0,0,0,1,0,0
H392,ultramafic_simulated,17.1,259.0,1631.0,allowed,55.8,135.4,127.826,0.654,NE,1.8475000000000001,25.91,0.018,9.68,44.175,44384.5,1065.2918238679954,0,0,0,0,0,0,0,1,0,1,0,0
H393,serpentinite_simulated,7.7,112.0,2490.0,allowed,56.4,150.3,127.842,0.654,NE,1.115,35.105000000000004,0.043000000000000003,8.885,44.45,45955.6,540.7952662514737,0,0,0,0,0,1,0,0,0,1,0,0
H394,serpentinite_simulated,13.3,839.0,2756.0,allowed,57.4,134.6,127.858,0.654,NE,1.2675,19.545,0.0175,18.795,34.650000000000006,45025.350000000006,76.29682169003208,0,0,0,0,0,1,0,0,0,1,0,0
H395,peridotite_simulated,3.5,821.0,1095.0,conditional,58.6,120.7,127.874,0.654,NE,1.1920000000000002,29.375,0.055499999999999994,6.5,40.2,44948.95,1188.01010307152,0,0,0,0,1,0,0,0,0,0,1,0
H396,ultramafic_simulated,17.8,141.0,2359.0,allowed,60.1,109.4,127.89,0.654,NE,0.7515000000000001,19.545,0.0115,13.375,47.18000000000001,45064.649999999994,318.8344476370127,0,0,0,0,0,0,0,1,0,1,0,0
H397,alluvium,5.6,801.0,1590.0,allowed,61.8,114.1,127.906,0.654,NE,0.1,26.555,0.026000000000000002,5.135,45.885000000000005,43282.2,287.79245994292484,1,0,0,0,0,0,0,0,0,1,0,0
H398,peridotite_simulated,9.2,213.0,1892.0,no-go,63.7,139.2,127.922,0.654,NE,0.546,33.795,0.044,12.100000000000001,37.120000000000005,45504.4,56.70996385115905,0,0,0,0,1,0,0,0,0,0,0,1
H399,peridotite_simulated,3.5,757.0,2281.0,allowed,65.8,118.3,127.938,0.654,NE,1.0495,26.09,0.0545,7.904999999999999,46.165,45352.25,112.92495295548957,0,0,0,0,1,0,0,0,0,1,0,0
H400,ultramafic_simulated,7.8,141.0,1013.0,no-go,68.0,127.3,127.954,0.654,NE,0.6535,30.34,0.06,11.085,41.965,44911.45,857.649814901162,0,0,0,0,0,0,0,1,0,0,0,1
